id,cabang,bin_awal,bin,sku,article_name,size,kategori,keterangan,tanggal_input,status
351,SURABAYA,DEFECT STORE,DEFECT STORE,31010026NS,31010026 PENTAGON FB COMP BALL - ORTRED/WHITE,NS,D2,PENYOK,2026-04-28T13:40:54.840115+00:00,Pending
352,SURABAYA,DEFECT STORE,DEFECT STORE,JRINIK1832XL,JRINIK183 ZXAG03 - BLACK,2XL,D2,KOTOR,2026-04-28T13:40:54.840115+00:00,Pending
353,SURABAYA,DEFECT STORE,DEFECT STORE,JRLAVO01M,JRLAVO01 JAKET RUNNING - NAVY,M,D2,KOTOR,2026-04-28T13:40:54.840115+00:00,Pending
354,SURABAYA,GL4-DC-DEFECT,GL4-DC-DEFECT,JN25INDASVM,JN25INDASV 25 INDONESIA SV - WHITE/GREY/BLACK,M,D2,KOTOR,2026-04-28T13:40:54.840115+00:00,Pending
355,SURABAYA,GL4-DC-DEFECT,GL4-DC-DEFECT,JL24RMAHPIXL,JL24RMAHPI 24 REAL MADRID PI LS - WHITE,XL,D2,KOTOR,2026-04-28T13:40:54.840115+00:00,Pending
356,SURABAYA,GL4-DC-DEFECT,GL4-DC-DEFECT,JS24RMAHPIS,JS24RMAHPI 24 REAL MADRID PI - WHITE,S,D2,KOTOR,2026-04-28T13:40:54.840115+00:00,Pending
357,SURABAYA,DEFECT STORE,DEFECT STORE,JK23INTH26,JK23INTH 23 INTER MILAN KID - BLACK/BLUE,26,D2,KOTOR,2026-04-28T13:40:54.840115+00:00,Pending
358,SURABAYA,DEFECT STORE,DEFECT STORE,JSRTR185M,JSRTR185 RETRO MANCHESTER UNITED 98 LS - RED,M,D2,KOTOR,2026-04-28T13:40:54.840115+00:00,Pending
359,SURABAYA,DEFECT STORE,DEFECT STORE,JS25RMAAPIL,JS25RMAAPI 25 REAL MADRID PI - DARK BLUE,L,D2,KOTOR,2026-04-28T13:40:54.840115+00:00,Pending
360,SURABAYA,DEFECT STORE,DEFECT STORE,JK25MCIA24,JK25MCIA 25 MANCHESTER CITY KID - BLACK,24,D2,KOTOR,2026-04-28T13:40:54.840115+00:00,Pending
361,SURABAYA,DEFECT STORE,DEFECT STORE,JS25ARS3S,JS25ARS3 25 ARSENAL - WHITE/RED,S,D2,KOTOR,2026-04-28T13:40:54.840115+00:00,Pending
362,SURABAYA,DEFECT STORE,DEFECT STORE,JK25MCIH28,JK25MCIH 25 MANCHESTER CITY KID - BLUE,28,D2,KOTOR,2026-04-28T13:40:54.840115+00:00,Pending
363,SURABAYA,DEFECT STORE,DEFECT STORE,JS25BMUSEPIL,JS25BMUSEPI 25 BAYERN MUNCHEN OKTOBERFEST PI - CREAM,L,D2,KOTOR,2026-04-28T13:40:54.840115+00:00,Pending
364,SURABAYA,DEFECT STORE,DEFECT STORE,JL25LIVAXL,JL25LIVA 25 LIVERPOOL LS - CREAM,XL,D2,KOTOR,2026-04-28T13:40:54.840115+00:00,Pending
365,SURABAYA,DEFECT STORE,DEFECT STORE,JL25ARSHPIL,JL25ARSHPI 25 ARSENAL PI LS - RED/WHITE,L,D2,KOTOR,2026-04-28T13:40:54.840115+00:00,Pending
366,SURABAYA,DEFECT STORE,DEFECT STORE,JS25ARSHPIXL,JS25ARSHPI 25 ARSENAL PI - RED/WHITE,XL,D2,KOTOR,2026-04-28T13:40:54.840115+00:00,Pending
367,SURABAYA,DEFECT STORE,DEFECT STORE,JL25LIVAS,JL25LIVA 25 LIVERPOOL LS - CREAM,S,D2,KOTOR,2026-04-28T13:40:54.840115+00:00,Pending
368,SURABAYA,GL4-DC-DEFECT,GL4-DC-DEFECT,CTNIK324M,CTNIK324 C661 (PO) - BROWN,M,D2,KOTOR,2026-04-28T13:40:54.840115+00:00,Pending
369,SURABAYA,DEFECT STORE,DEFECT STORE,CJUA273XL,CJUA273 L637 (PO) - BLACK,XL,D2,KOTOR,2026-04-28T13:40:54.840115+00:00,Pending
370,SURABAYA,DEFECT STORE,DEFECT STORE,990090340,9900903 FLUX - BLACK/BLACK,40,D2,ADA YANG RUSAK,2026-04-28T13:40:54.840115+00:00,Pending
371,SURABAYA,DEFECT STORE,DEFECT STORE,SFIA169L,SFIA169 REPLIKA AL NASR 2420 - GOLD/BLACK,L,D2,KOTOR,2026-04-28T13:40:54.840115+00:00,Pending
372,SURABAYA,DEFECT STORE,DEFECT STORE,SOCOL15XL,SOCOL15 TEAMWEAR BARLOW - WHITE,XL,D2,KOTOR,2026-04-28T13:40:54.840115+00:00,Pending
373,SURABAYA,DEFECT STORE,DEFECT STORE,ATBCS38L,ATBCS38 BCSTUDIO X NARROW UNION - WHITE,L,D2,KOTOR,2026-04-28T13:40:54.840115+00:00,Pending
374,SURABAYA,DEFECT STORE,DEFECT STORE,PINIK151L,PINIK151 QLP8806 - WHITE,L,D2,KOTOR,2026-04-28T13:40:54.840115+00:00,Pending
375,SURABAYA,DEFECT STORE,DEFECT STORE,PINIK212XL,PINIK212 UX03 - BLUE,XL,D2,KOTOR,2026-04-28T13:40:54.840115+00:00,Pending
376,SURABAYA,DEFECT STORE,DEFECT STORE,PIJEZ642XL,PIJEZ64 T1108 SS - LIGHT BLUE,2XL,D2,KOTOR,2026-04-28T13:40:54.840115+00:00,Pending
377,SURABAYA,DEFECT STORE,DEFECT STORE,ATLIN35XL,ATLIN35 LNB202 SHIRT - RED,XL,D2,KOTOR,2026-04-28T13:40:54.840115+00:00,Pending
378,SURABAYA,DEFECT STORE,DEFECT STORE,ATADI513XL,ATADI513 YWA02  - GREY,XL,D2,KOTOR,2026-04-28T13:40:54.840115+00:00,Pending
379,SURABAYA,GL4-DC-DEFECT,GL4-DC-DEFECT,40225143,402251 ACCELERATOR ALPHA NERVE PRO IN - APRICOT WASH/GREEN GECKO/PERSIAN GREEN,43,D2,OUTSOLE NGELOPEK,2026-04-28T13:40:54.840115+00:00,Pending
380,SURABAYA,GL4-DC-DEFECT,GL4-DC-DEFECT,SPSARD0344,SPSARD03 NFINITY FLASH - BIRU/HIJAU CITRON,44,D2,OUTSOLE NGELOPEK,2026-04-28T13:40:54.840115+00:00,Pending
381,SURABAYA,GL4-DC-DEFECT,GL4-DC-DEFECT,SPSARD0739,SPSARD07 NFINITY FLASH - HITAM/EMAS,39,D2,OUTSOLE NGELOPEK,2026-04-28T13:40:54.840115+00:00,Pending
382,SURABAYA,GL4-DC-DEFECT,GL4-DC-DEFECT,SPSARD1037,SPSARD10 NFINITY FLASH - ABU ABU/MERAH FUSHIA,37,D2,OUTSOLE NGELOPEK,2026-04-28T13:40:54.840115+00:00,Pending
383,SURABAYA,GL4-DC-DEFECT,GL4-DC-DEFECT,SPSARD1039,SPSARD10 NFINITY FLASH - ABU ABU/MERAH FUSHIA,39,D2,OUTSOLE NGELOPEK,2026-04-28T13:40:54.840115+00:00,Pending
384,SURABAYA,GL4-DC-DEFECT,GL4-DC-DEFECT,SPSARD1041,SPSARD10 NFINITY FLASH - ABU ABU/MERAH FUSHIA,41,D2,OUTSOLE NGELOPEK,2026-04-28T13:40:54.840115+00:00,Pending
385,SURABAYA,GL4-DC-DEFECT,GL4-DC-DEFECT,SPSARD1743,SPSARD17 PRP NFINITY ACE - HIJAU CITRON/HITAM,43,D2,OUTSOLE NGELOPEK,2026-04-28T13:40:54.840115+00:00,Pending
386,SURABAYA,GL4-DC-DEFECT,GL4-DC-DEFECT,SPSARD1842,SPSARD18 PRP NFINITY ACE - HITAM/FUSHIA,42,D2,OUTSOLE NGELOPEK,2026-04-28T13:40:54.840115+00:00,Pending
387,SURABAYA,GL4-DC-DEFECT,GL4-DC-DEFECT,SPSARD1840,SPSARD18 PRP NFINITY ACE - HITAM/FUSHIA,40,D2,OUTSOLE NGELOPEK,2026-04-28T13:40:54.840115+00:00,Pending
388,SURABAYA,GL4-DC-DEFECT,GL4-DC-DEFECT,1102035040,11020350 INSIGNIA IN - DARK GREEN/WHITE,40,D2,OUTSOLE NGELOPEK,2026-04-28T13:40:54.840115+00:00,Pending
389,SURABAYA,GL4-DC-DEFECT,GL4-DC-DEFECT,SPSARD0740,SPSARD07 NFINITY FLASH - HITAM/EMAS,40,D2,OUTSOLE NGELOPEK,2026-04-28T13:40:54.840115+00:00,Pending
390,SURABAYA,GL4-DC-DEFECT,GL4-DC-DEFECT,SPSARD1038,SPSARD10 NFINITY FLASH - ABU ABU/MERAH FUSHIA,38,D2,OUTSOLE NGELOPEK,2026-04-28T13:40:54.840115+00:00,Pending
391,SURABAYA,GL4-DC-DEFECT,GL4-DC-DEFECT,SPSARD0339,SPSARD03 NFINITY FLASH - BIRU/HIJAU CITRON,39,D2,OUTSOLE NGELOPEK,2026-04-28T13:40:54.840115+00:00,Pending
392,SURABAYA,GL4-DC-DEFECT,GL4-DC-DEFECT,SPSARD1739,SPSARD17 PRP NFINITY ACE - HIJAU CITRON/HITAM,39,D2,OUTSOLE NGELOPEK,2026-04-28T13:40:54.840115+00:00,Pending
393,SURABAYA,GL4-DC-DEFECT,GL4-DC-DEFECT,SPSARD0744,SPSARD07 NFINITY FLASH - HITAM/EMAS,44,D2,OUTSOLE NGELOPEK,2026-04-28T13:40:54.840115+00:00,Pending
394,SURABAYA,GL4-DC-DEFECT,GL4-DC-DEFECT,SPSARD1839,SPSARD18 PRP NFINITY ACE - HITAM/FUSHIA,39,D2,OUTSOLE NGELOPEK,2026-04-28T13:40:54.840115+00:00,Pending
395,SURABAYA,GL4-DC-DEFECT,GL4-DC-DEFECT,SPSARD1043,SPSARD10 NFINITY FLASH - ABU ABU/MERAH FUSHIA,43,D2,OUTSOLE NGELOPEK,2026-04-28T13:40:54.840115+00:00,Pending
396,SURABAYA,GL4-DC-DEFECT,GL4-DC-DEFECT,1102051140,11020511 EL TIBURON V3 IN - WHITE/BRONZE,40,D2,OUTSOLE NGELOPEK,2026-04-28T13:40:54.840115+00:00,Pending
397,SURABAYA,GL4-DC-DEFECT,GL4-DC-DEFECT,1103024140,11030241 RECAST - WHITE/GREY/PEACH,40,D2,OUTSOLE NGELOPEK,2026-04-28T13:40:54.840115+00:00,Pending
398,SURABAYA,GL4-DC-DEFECT,GL4-DC-DEFECT,1103024141,11030241 RECAST - WHITE/GREY/PEACH,41,D2,OUTSOLE NGELOPEK,2026-04-28T13:40:54.840115+00:00,Pending
399,SURABAYA,GL4-DC-DEFECT,GL4-DC-DEFECT,SPSARD1841,SPSARD18 PRP NFINITY ACE - HITAM/FUSHIA,41,D2,OUTSOLE NGELOPEK,2026-04-28T13:40:54.840115+00:00,Pending
400,SURABAYA,GL4-DC-DEFECT,GL4-DC-DEFECT,SPSARD1843,SPSARD18 PRP NFINITY ACE - HITAM/FUSHIA,43,D2,OUTSOLE NGELOPEK,2026-04-28T13:40:54.840115+00:00,Pending
401,SURABAYA,GL4-DC-DEFECT,GL4-DC-DEFECT,N643982403122343,N6439824031223 HAZE INFIKNIT 1.0 - PUTIH/ABU,43,D2,OUTSOLE NGELOPEK,2026-04-28T13:40:54.840115+00:00,Pending
402,SURABAYA,GL4-DC-DEFECT,GL4-DC-DEFECT,1103024142,11030241 RECAST - WHITE/GREY/PEACH,42,D2,OUTSOLE NGELOPEK,2026-04-28T13:40:54.840115+00:00,Pending
403,SURABAYA,GL4-DC-DEFECT,GL4-DC-DEFECT,1103024143,11030241 RECAST - WHITE/GREY/PEACH,43,D2,OUTSOLE NGELOPEK,2026-04-28T13:40:54.840115+00:00,Pending
404,SURABAYA,GL4-DC-DEFECT,GL4-DC-DEFECT,910200342,9102003 TREXIMO ENERLITE - WHITE/GREY/TOSCA,42,D2,OUTSOLE NGELOPEK,2026-04-28T13:40:54.840115+00:00,Pending
405,SURABAYA,GL4-DC-DEFECT,GL4-DC-DEFECT,1102049743,11020497 SEED IN - WHITE/ORTRED,43,D2,OUTSOLE NGELOPEK,2026-04-28T13:40:54.840115+00:00,Pending
406,SURABAYA,GL4-DC-DEFECT,GL4-DC-DEFECT,N746537859622440,N7465378596224 TAKASHI RUN ELITE SZ SE - PUTIH/BIRU MUDA/MERAH MUDA,40,D2,OUTSOLE NGELOPEK,2026-04-28T13:40:54.840115+00:00,Pending
407,SURABAYA,GL4-DC-DEFECT,GL4-DC-DEFECT,SPSARD2042,SPSARD20 RAITON BLAZE - BIRU/HITAM,42,D2,OUTSOLE NGELOPEK,2026-04-28T13:40:54.840115+00:00,Pending
408,SURABAYA,GL4-DC-DEFECT,GL4-DC-DEFECT,930390238,9303902 XYCLOPS INFERNO FG - LT BLUE/BLUE/YELLOW,38,D2,OUTSOLE NGELOPEK,2026-04-28T13:40:54.840115+00:00,Pending
409,SURABAYA,GL4-DC-DEFECT,GL4-DC-DEFECT,910070940,9100709 ENERMAX DYNAPLATE - OFF WHITE/CORAL RED/NAVY,40,D2,OUTSOLE NGELOPEK,2026-04-28T13:40:54.840115+00:00,Pending
410,SURABAYA,GL4-DC-DEFECT,GL4-DC-DEFECT,N111178766643545,N1111787666435 HAZE 2.0 - PUTIH/ABU,45,D2,OUTSOLE NGELOPEK,2026-04-28T13:40:54.840115+00:00,Pending
411,SURABAYA,GL4-DC-DEFECT,GL4-DC-DEFECT,N54673422234241,N546734222342 HAZE 1.5 SE - HIJAU/PUTIH GADING,41,D2,OUTSOLE NGELOPEK,2026-04-28T13:40:54.840115+00:00,Pending
412,SURABAYA,GL4-DC-DEFECT,GL4-DC-DEFECT,1103027841,11030278 CORBY - BLACK,41,D2,OUTSOLE NGELOPEK,2026-04-28T13:40:54.840115+00:00,Pending
413,SURABAYA,GL4-DC-DEFECT,GL4-DC-DEFECT,1103027838,11030278 CORBY - BLACK,38,D2,OUTSOLE NGELOPEK,2026-04-28T13:40:54.840115+00:00,Pending
414,SURABAYA,GL4-DC-DEFECT,GL4-DC-DEFECT,1104013640,11040136 HYPERGLIDE 3.1 - BLACK/ORTANGE,40,D2,OUTSOLE NGELOPEK,2026-04-28T13:40:54.840115+00:00,Pending
415,SURABAYA,GL4-DC-DEFECT,GL4-DC-DEFECT,N54674356896345,N546743568963 HAZE VISION 1.0 - PUTIH/JINGGA,45,D2,OUTSOLE NGELOPEK,2026-04-28T13:40:54.840115+00:00,Pending
416,SURABAYA,GL4-DC-DEFECT,GL4-DC-DEFECT,910400443,9104004 ENERMAX CUSHION M2 - WHITE/PINE GREEN/PURPLE,43,D2,OUTSOLE NGELOPEK,2026-04-28T13:40:54.840115+00:00,Pending
417,SURABAYA,GL4-DC-DEFECT,GL4-DC-DEFECT,N746537859622443,N7465378596224 TAKASHI RUN ELITE SZ SE - PUTIH/BIRU MUDA/MERAH MUDA,43,D2,OUTSOLE NGELOPEK,2026-04-28T13:40:54.840115+00:00,Pending
418,SURABAYA,GL4-DC-DEFECT,GL4-DC-DEFECT,1102045139,11020451 JOGOSALA ULTIMA - BLACK/BLUE/ORTRANGE,39,D2,OUTSOLE NGELOPEK,2026-04-28T13:40:54.840115+00:00,Pending
419,SURABAYA,GL4-DC-DEFECT,GL4-DC-DEFECT,1102044737,11020447 JOGOSALA RAMPAGE V2 - WHITE/BLACK/CAMO,37,D2,OUTSOLE NGELOPEK,2026-04-28T13:40:54.840115+00:00,Pending
420,SURABAYA,GL4-DC-DEFECT,GL4-DC-DEFECT,1102054144,11020541 FORTE METEOR IN - SILVER/PINK,44,D2,OUTSOLE NGELOPEK,2026-04-28T13:40:54.840115+00:00,Pending
421,SURABAYA,GL4-DC-DEFECT,GL4-DC-DEFECT,1102056142,11020561 FORTE CLAWS IN - CLOUD BLUE,42,D2,OUTSOLE NGELOPEK,2026-04-28T13:40:54.840115+00:00,Pending
422,SURABAYA,GL4-DC-DEFECT,GL4-DC-DEFECT,N76546734256140,N765467342561 HAZE VISION 1.0 - PUTIH GADING/JINGGA/ABU TUA,40,D2,OUTSOLE NGELOPEK,2026-04-28T13:40:54.840115+00:00,Pending
423,SURABAYA,GL4-DC-DEFECT,GL4-DC-DEFECT,G4378110301062337,G43781103010623 HAZE VISION 1.0 - ABU MD/BIRU/KUNING,37,D2,OUTSOLE NGELOPEK,2026-04-28T13:40:54.840115+00:00,Pending
424,SURABAYA,GL4-DC-DEFECT,GL4-DC-DEFECT,SPSARD14240,SPSARD142 METORA STARTER - CITRUN,40,D2,OUTSOLE NGELOPEK,2026-04-28T13:40:54.840115+00:00,Pending
425,SURABAYA,GL4-DC-DEFECT,GL4-DC-DEFECT,G4378110301062343,G43781103010623 HAZE VISION 1.0 - ABU MD/BIRU/KUNING,43,D2,OUTSOLE NGELOPEK,2026-04-28T13:40:54.840115+00:00,Pending
426,SURABAYA,GL4-DC-DEFECT,GL4-DC-DEFECT,SPE1040085400,SPE1040085 ATMOZPHYR - BILLOWING SAIL/STARGAZER,40,D2,OUTSOLE NGELOPEK,2026-04-28T13:40:54.840115+00:00,Pending
427,SURABAYA,GL4-DC-DEFECT,GL4-DC-DEFECT,SPSARD8040,SPSARD80 PRP NFINITY URBEAT PRO - WHITE CHERRY,40,D2,OUTSOLE NGELOPEK,2026-04-28T13:40:54.840115+00:00,Pending
428,SURABAYA,GL4-DC-DEFECT,GL4-DC-DEFECT,910140141,9101401 SPECTER - ALL BLACK,41,D2,OUTSOLE NGELOPEK,2026-04-28T13:40:54.840115+00:00,Pending
429,SURABAYA,GL4-DC-DEFECT,GL4-DC-DEFECT,1104013442,11040134 HYPERGLIDE 3.1 - WHITE/CYAN,42,D2,OUTSOLE NGELOPEK,2026-04-28T13:40:54.840115+00:00,Pending
430,SURABAYA,GL4-DC-DEFECT,GL4-DC-DEFECT,SPE1020025400,SPE1020025 GRAVITY II IN - PEARL CITY/FUSION CORAL/JUNGLE GREEN,40,D2,OUTSOLE NGELOPEK,2026-04-28T13:40:54.840115+00:00,Pending
431,SURABAYA,GL4-DC-DEFECT,GL4-DC-DEFECT,SPE402232410,SPE402232 ACCELERATOR ILLUZION 3 PRO IN - BONDI BLUE/MANDY/BOTTICELLI,41,D2,OUTSOLE NGELOPEK,2026-04-28T13:40:54.840115+00:00,Pending
432,SURABAYA,GL4-DC-DEFECT,GL4-DC-DEFECT,1103023843,11030238 THE VAGABOND - RAIN FOREST,43,D2,OUTSOLE NGELOPEK,2026-04-28T13:40:54.840115+00:00,Pending
433,SURABAYA,GL4-DC-DEFECT,GL4-DC-DEFECT,N746537859622441,N7465378596224 TAKASHI RUN ELITE SZ SE - PUTIH/BIRU MUDA/MERAH MUDA,41,D2,OUTSOLE NGELOPEK,2026-04-28T13:40:54.840115+00:00,Pending
435,SURABAYA,GL4-DC-DEFECT,GL4-DC-DEFECT,1104013441,11040134 HYPERGLIDE 3.1 - WHITE/CYAN,41,D2,OUTSOLE NGELOPEK,2026-04-28T13:40:54.840115+00:00,Pending
436,SURABAYA,GL4-DC-DEFECT,GL4-DC-DEFECT,N165433389756344,N1654333897563 AURORUN STRIDE - PUTIH GADING/HIJAU TOSCA/HIJAU NEON,44,D2,OUTSOLE NGELOPEK,2026-04-28T13:40:54.840115+00:00,Pending
437,SURABAYA,GL4-DC-DEFECT,GL4-DC-DEFECT,SPE1010364400,SPE1010364 LIGHTSPEED REBORN META XR FG - WHITE/MAGNIFICO,40,D2,OUTSOLE NGELOPEK,2026-04-28T13:40:54.840115+00:00,Pending
438,SURABAYA,GL4-DC-DEFECT,GL4-DC-DEFECT,1104009741,11040097 HYPERBLAST ENCORE - BLACK/WHITE,41,D2,OUTSOLE NGELOPEK,2026-04-28T13:40:54.840115+00:00,Pending
439,SURABAYA,GL4-DC-DEFECT,GL4-DC-DEFECT,N423811006052137,N4238110060521 HAZE 1.5 - ABU MUDA/PUTIH/BIRU,37,D2,OUTSOLE NGELOPEK,2026-04-28T13:40:54.840115+00:00,Pending
440,SURABAYA,GL4-DC-DEFECT,GL4-DC-DEFECT,N6875124362230642,N68751243622306 HAZE VISION 1.0 - PUTIH/UNGU/MERAH MUDA,42,D2,OUTSOLE NGELOPEK,2026-04-28T13:40:54.840115+00:00,Pending
441,SURABAYA,GL4-DC-DEFECT,GL4-DC-DEFECT,910070241,9100702 ENERMAX DYNAPLATE - BLACK/DK GREY,41,D2,OUTSOLE NGELOPEK,2026-04-28T13:40:54.840115+00:00,Pending
442,SURABAYA,GL4-DC-DEFECT,GL4-DC-DEFECT,900370439,9003704 ENZO TF - WHITE/GOLD,39,D2,OUTSOLE NGELOPEK,2026-04-28T13:40:54.840115+00:00,Pending
443,SURABAYA,GL4-DC-DEFECT,GL4-DC-DEFECT,910560441,9105604 ENERSTRIKE HYPER - WHITE/GREEN/BROKEN WHITE,41,D2,OUTSOLE NGELOPEK,2026-04-28T13:40:54.840115+00:00,Pending
444,SURABAYA,GL4-DC-DEFECT,GL4-DC-DEFECT,1102033739,11020337 HORIZON IN - AQUA/LIME/WHITE,39,D2,OUTSOLE NGELOPEK,2026-04-28T13:40:54.840115+00:00,Pending
445,SURABAYA,GL4-DC-DEFECT,GL4-DC-DEFECT,910570542,9105705 DELTA - WHITE/BLACK,42,D2,OUTSOLE NGELOPEK,2026-04-28T13:40:54.840115+00:00,Pending
446,SURABAYA,GL4-DC-DEFECT,GL4-DC-DEFECT,LS43444,LS434 CRUISER - HITAM/HITAM,44,D2,OUTSOLE NGELOPEK,2026-04-28T13:40:54.840115+00:00,Pending
447,SURABAYA,GL4-DC-DEFECT,GL4-DC-DEFECT,1103026843,11030268 BRISBANE - SNOW,43,D2,OUTSOLE NGELOPEK,2026-04-28T13:40:54.840115+00:00,Pending
448,SURABAYA,GL4-DC-DEFECT,GL4-DC-DEFECT,SPSARD22838,SPSARD228 COVENTRY 2.0 - WHITE CLOUD,38,D2,OUTSOLE NGELOPEK,2026-04-28T13:40:54.840115+00:00,Pending
449,SURABAYA,GL4-DC-DEFECT,GL4-DC-DEFECT,920080333,9200803 XYCLOPS HELIOS FG JR - SKY BLUE/MAGENTA,33,D2,OUTSOLE NGELOPEK,2026-04-28T13:40:54.840115+00:00,Pending
450,SURABAYA,GL4-DC-DEFECT,GL4-DC-DEFECT,SPE1040062390,SPE1040062 ATMOZPHYR - WHITE ASSYLUM/BLACK,39,D2,OUTSOLE NGELOPEK,2026-04-28T13:40:54.840115+00:00,Pending
451,SURABAYA,GL4-DC-DEFECT,GL4-DC-DEFECT,1104012942,11040129 HYPERFUSE 2.2 - WHITE/ORTRED,42,D2,OUTSOLE NGELOPEK,2026-04-28T13:40:54.840115+00:00,Pending
452,SURABAYA,GL4-DC-DEFECT,GL4-DC-DEFECT,910121141,9101211 TREXIMO SAGA V2 - GREY/BLACK/RED/TOSCA,41,D2,OUTSOLE NGELOPEK,2026-04-28T13:40:54.840115+00:00,Pending
453,SURABAYA,GL4-DC-DEFECT,GL4-DC-DEFECT,1104013538,11040135 HYPERGLIDE 3.1 - LIGHT GREY/ORTRANGE,38,D2,OUTSOLE NGELOPEK,2026-04-28T13:40:54.840115+00:00,Pending
454,SURABAYA,GL4-DC-DEFECT,GL4-DC-DEFECT,SPE1020286410,SPE1020286 SPEEDBLAZE 4 IN - EGGNOG/CABBAGE/QUARRY,41,D2,OUTSOLE NGELOPEK,2026-04-28T13:40:54.840115+00:00,Pending
455,SURABAYA,GL4-DC-DEFECT,GL4-DC-DEFECT,SPE1010076400,SPE1010076 REACTO DEVIANT CORE FG - WHITE/PINK/DESIRE BLUE,40,D2,OUTSOLE NGELOPEK,2026-04-28T13:40:54.840115+00:00,Pending
456,SURABAYA,GL4-DC-DEFECT,GL4-DC-DEFECT,N3542171209230542,N35421712092305 HAZE VISION 1.0 - HITAM/BIRU MUDA/MERAH,42,D2,OUTSOLE NGELOPEK,2026-04-28T13:40:54.840115+00:00,Pending
457,SURABAYA,GL4-DC-DEFECT,GL4-DC-DEFECT,N54675009524339,N546750095243 HAZE 1.5 SE - PUTIH/BIRU/MERAH,39,D2,OUTSOLE NGELOPEK,2026-04-28T13:40:54.840115+00:00,Pending
458,SURABAYA,GL4-DC-DEFECT,GL4-DC-DEFECT,910200344,9102003 TREXIMO ENERLITE - WHITE/GREY/TOSCA,44,D2,OUTSOLE NGELOPEK,2026-04-28T13:40:54.840115+00:00,Pending
459,SURABAYA,GL4-DC-DEFECT,GL4-DC-DEFECT,910030641,9100306 TREXIMO SAGA - WHITE/MAGENTA/SKY BLUE,41,D2,OUTSOLE NGELOPEK,2026-04-28T13:40:54.840115+00:00,Pending
460,SURABAYA,GL4-DC-DEFECT,GL4-DC-DEFECT,910200843,9102008 TREXIMO ENERLITE - WHITE/LT GREY,43,D2,OUTSOLE NGELOPEK,2026-04-28T13:40:54.840115+00:00,Pending
461,SURABAYA,GL4-DC-DEFECT,GL4-DC-DEFECT,1102052944,11020529 CATALYST LEGION V4 IN - BLACK/GOLD,44,D2,OUTSOLE NGELOPEK,2026-04-28T13:40:54.840115+00:00,Pending
462,SURABAYA,GL4-DC-DEFECT,GL4-DC-DEFECT,1104011939,11040119 SHKHARA - OLIVE/PINE,39,D2,OUTSOLE NGELOPEK,2026-04-28T13:40:54.840115+00:00,Pending
463,SURABAYA,GL4-DC-DEFECT,GL4-DC-DEFECT,SPSARD1541,SPSARD15 PRP NFINITY XTEND - HIJAU TOSCA,41,D2,OUTSOLE NGELOPEK,2026-04-28T13:40:54.840115+00:00,Pending
464,SURABAYA,GL4-DC-DEFECT,GL4-DC-DEFECT,SPSARD0343,SPSARD03 NFINITY FLASH - BIRU/HIJAU CITRON,43,D2,OUTSOLE NGELOPEK,2026-04-28T13:40:54.840115+00:00,Pending
465,SURABAYA,GL4-DC-DEFECT,GL4-DC-DEFECT,1102054342,11020543 CATALYST LIBERTE V3 IN - ASPHALT/ORTRANGE,42,D2,OUTSOLE NGELOPEK,2026-04-28T13:40:54.840115+00:00,Pending
466,SURABAYA,GL4-DC-DEFECT,GL4-DC-DEFECT,1102067042,11020670 CATALYST LEGION V5 IN - PISTACHIO/PEACH,42,D2,OUTSOLE NGELOPEK,2026-04-28T13:40:54.840115+00:00,Pending
467,SURABAYA,GL4-DC-DEFECT,GL4-DC-DEFECT,40228142,402281 REACTO BLITZ 2 PRO IN - VALHALLA/MOONRAKER/GREEN GECKO,42,D2,OUTSOLE NGELOPEK,2026-04-28T13:40:54.840115+00:00,Pending
468,SURABAYA,GL4-DC-DEFECT,GL4-DC-DEFECT,930170442,9301704 ASTRO SPARTAN M2 PRIME FG - WHITE/OCEAN BLUE/NAVY,42,D2,OUTSOLE NGELOPEK,2026-04-28T13:40:54.840115+00:00,Pending
469,SURABAYA,GL4-DC-DEFECT,GL4-DC-DEFECT,910410140,9104101 ENERSTRIKE BLITZ - BLACK/GREY/OFF WHITE,40,D2,OUTSOLE NGELOPEK,2026-04-28T13:40:54.840115+00:00,Pending
470,SURABAYA,GL4-DC-DEFECT,GL4-DC-DEFECT,920080434,9200804 XYCLOPS HELIOS FG JR - WHITE/SILVER,34,D2,OUTSOLE NGELOPEK,2026-04-28T13:40:54.840115+00:00,Pending
471,SURABAYA,GL4-DC-DEFECT,GL4-DC-DEFECT,910520339,9105203 ENERSTRIKE FLY M2 - WHITE/BLACK,39,D2,OUTSOLE NGELOPEK,2026-04-28T13:40:54.840115+00:00,Pending
472,SURABAYA,GL4-DC-DEFECT,GL4-DC-DEFECT,1102072441,11020724 JOGOSALA LINEAGE - BEIGE/BLUE,41,D2,OUTSOLE NGELOPEK,2026-04-28T13:40:54.840115+00:00,Pending
473,SURABAYA,GL4-DC-DEFECT,GL4-DC-DEFECT,SPE1010141360,SPE1010141 ELEVATION TWO JR FG - WHITE/MAGNIFICO,36,D2,OUTSOLE NGELOPEK,2026-04-28T13:40:54.840115+00:00,Pending
474,SURABAYA,GL4-DC-DEFECT,GL4-DC-DEFECT,1103025742,11030257 BERLIN - BEIGE,42,D2,OUTSOLE NGELOPEK,2026-04-28T13:40:54.840115+00:00,Pending
475,SURABAYA,GL4-DC-DEFECT,GL4-DC-DEFECT,N6254836704241641,N62548367042416 NAKAMI FLOW - HITAM/EMAS/ABU,41,D2,OUTSOLE NGELOPEK,2026-04-28T13:40:54.840115+00:00,Pending
476,SURABAYA,GL4-DC-DEFECT,GL4-DC-DEFECT,910121142,9101211 TREXIMO SAGA V2 - GREY/BLACK/RED/TOSCA,42,D2,OUTSOLE NGELOPEK,2026-04-28T13:40:54.840115+00:00,Pending
477,SURABAYA,GL4-DC-DEFECT,GL4-DC-DEFECT,1102049241,11020492 JOGOSALA VANQUISH - LIGHT GREY/ULTRA/TEAL,41,D2,OUTSOLE NGELOPEK,2026-04-28T13:40:54.840115+00:00,Pending
478,SURABAYA,GL4-DC-DEFECT,GL4-DC-DEFECT,N98000054672339,N980000546723 HAZE VISION 1.0 - HIJAU NEON/UNGU/MAGENTA,39,D2,OUTSOLE NGELOPEK,2026-04-28T13:40:54.840115+00:00,Pending
479,SURABAYA,GL4-DC-DEFECT,GL4-DC-DEFECT,1104014841,11040148 LUNAR - WINTER MOON,41,D2,OUTSOLE NGELOPEK,2026-04-28T13:40:54.840115+00:00,Pending
480,SURABAYA,GL4-DC-DEFECT,GL4-DC-DEFECT,900360641,9003606 ESPADA TF - BLUE/PINK/WHITE,41,D2,OUTSOLE NGELOPEK,2026-04-28T13:40:54.840115+00:00,Pending
481,SURABAYA,GL4-DC-DEFECT,GL4-DC-DEFECT,N11009809126340,N110098091263 YUZA EVO - ABU MUDA/PUTIH GADING,40,D2,OUTSOLE NGELOPEK,2026-04-28T13:40:54.840115+00:00,Pending
482,SURABAYA,GL4-DC-DEFECT,GL4-DC-DEFECT,1103030639,11030306 CARDIFF - BLACK,39,D2,OUTSOLE NGELOPEK,2026-04-28T13:40:54.840115+00:00,Pending
483,SURABAYA,GL4-DC-DEFECT,GL4-DC-DEFECT,SPSARD10940,SPSARD109 VOLSTOG - WHITE,40,D2,OUTSOLE NGELOPEK,2026-04-28T13:40:54.840115+00:00,Pending
484,SURABAYA,GL4-DC-DEFECT,GL4-DC-DEFECT,1103023842,11030238 THE VAGABOND - RAIN FOREST,42,D2,OUTSOLE NGELOPEK,2026-04-28T13:40:54.840115+00:00,Pending
485,SURABAYA,DEFECT STORE,DEFECT STORE,SPE1020355390,SPE1020355 LIGHTSPEED REBORN META XR IN - WHITE/MAGNIFICO,39,D2,OUTSOLE NGELOPEK,2026-04-28T13:40:54.840115+00:00,Pending
486,SURABAYA,DEFECT STORE,DEFECT STORE,SPE1040077420,SPE1040077 IGNITION STREAK SV SUBS1 - WHITE/FIERY CORAL/SAFETY YELLOW,42,D2,OUTSOLE NGELOPEK,2026-04-28T13:40:54.840115+00:00,Pending
487,SURABAYA,DEFECT STORE,DEFECT STORE,910070942,9100709 ENERMAX DYNAPLATE - OFF WHITE/CORAL RED/NAVY,42,D2,OUTSOLE NGELOPEK,2026-04-28T13:40:54.840115+00:00,Pending
488,SURABAYA,DEFECT STORE,DEFECT STORE,SPSARD1844,SPSARD18 PRP NFINITY ACE - HITAM/FUSHIA,44,D2,OUTSOLE NGELOPEK,2026-04-28T13:40:54.840115+00:00,Pending
489,SURABAYA,DEFECT STORE,DEFECT STORE,SPE1020221410,SPE1020221 VIPER RX IN - TRUE BLUE/BISCAY/MAGNIFICO,41,D2,OUTSOLE NGELOPEK,2026-04-28T13:40:54.840115+00:00,Pending
490,SURABAYA,DEFECT STORE,DEFECT STORE,110400019400,SPE110400019 COANDA SV SUBS1 - ADAMANTINE/PEARL CITY/GUM,40,D2,OUTSOLE NGELOPEK,2026-04-28T13:40:54.840115+00:00,Pending
491,SURABAYA,DEFECT STORE,DEFECT STORE,SPSYON4041,SPSYON40 MACH 2 - NAVY/BLUE/BLUE,41,D2,OUTSOLE NGELOPEK,2026-04-28T13:40:54.840115+00:00,Pending
492,SURABAYA,DEFECT STORE,DEFECT STORE,110400019420,SPE110400019 COANDA SV SUBS1 - ADAMANTINE/PEARL CITY/GUM,42,D2,OUTSOLE NGELOPEK,2026-04-28T13:40:54.840115+00:00,Pending
493,SURABAYA,DEFECT STORE,DEFECT STORE,SPE1010239410,SPE1010239 ACCELERATOR LIGHTSPEED 4 NITRO PRO FG - WHITE/LUNAR ROCK/COPPER,41,D2,OUTSOLE NGELOPEK,2026-04-28T13:40:54.840115+00:00,Pending
494,SURABAYA,DEFECT STORE,DEFECT STORE,SPSARD1037,SPSARD10 NFINITY FLASH - ABU ABU/MERAH FUSHIA,37,D2,OUTSOLE NGELOPEK,2026-04-28T13:40:54.840115+00:00,Pending
495,SURABAYA,DEFECT STORE,DEFECT STORE,SPSARD1038,SPSARD10 NFINITY FLASH - ABU ABU/MERAH FUSHIA,38,D2,OUTSOLE NGELOPEK,2026-04-28T13:40:54.840115+00:00,Pending
496,SURABAYA,DEFECT STORE,DEFECT STORE,SPSARD1042,SPSARD10 NFINITY FLASH - ABU ABU/MERAH FUSHIA,42,D2,OUTSOLE NGELOPEK,2026-04-28T13:40:54.840115+00:00,Pending
497,SURABAYA,DEFECT STORE,DEFECT STORE,SPSARD1842,SPSARD18 PRP NFINITY ACE - HITAM/FUSHIA,42,D2,OUTSOLE NGELOPEK,2026-04-28T13:40:54.840115+00:00,Pending
498,SURABAYA,DEFECT STORE,DEFECT STORE,SPSARD1840,SPSARD18 PRP NFINITY ACE - HITAM/FUSHIA,40,D2,OUTSOLE NGELOPEK,2026-04-28T13:40:54.840115+00:00,Pending
499,SURABAYA,DEFECT STORE,DEFECT STORE,SPSARD1739,SPSARD17 PRP NFINITY ACE - HIJAU CITRON/HITAM,39,D2,OUTSOLE NGELOPEK,2026-04-28T13:40:54.840115+00:00,Pending
500,SURABAYA,DEFECT STORE,DEFECT STORE,SPSARD1746,SPSARD17 PRP NFINITY ACE - HIJAU CITRON/HITAM,46,D2,OUTSOLE NGELOPEK,2026-04-28T13:40:54.840115+00:00,Pending
501,SURABAYA,DEFECT STORE,DEFECT STORE,940060744,9400607 XYCLOPS KALDERA IN - WHITE/MAGENTA/PURPLE,44,D2,OUTSOLE NGELOPEK,2026-04-28T13:40:54.840115+00:00,Pending
502,SURABAYA,DEFECT STORE,DEFECT STORE,1102057244,11020572 FORTE METEOR IN - PISTACHIO/PEACH,44,D2,OUTSOLE NGELOPEK,2026-04-28T13:40:54.840115+00:00,Pending
503,SURABAYA,DEFECT STORE,DEFECT STORE,1104015239,11040152 HYPERBLAST 2.1 - MINT GREEN/WHITE,39,D2,OUTSOLE NGELOPEK,2026-04-28T13:40:54.840115+00:00,Pending
504,SURABAYA,DEFECT STORE,DEFECT STORE,1103028041,11030280 OMEGA - ALL BLACK,41,D2,OUTSOLE NGELOPEK,2026-04-28T13:40:54.840115+00:00,Pending
505,SURABAYA,DEFECT STORE,DEFECT STORE,1104013742,11040137 HYPERGLIDE 3.1 - WHITE/INDIGO,42,D2,OUTSOLE NGELOPEK,2026-04-28T13:40:54.840115+00:00,Pending
506,SURABAYA,DEFECT STORE,DEFECT STORE,SPSARDI18340,SPSARDI183 GERBERA CROSS JUMPER - CRÈME BRULEE,40,D2,OUTSOLE NGELOPEK,2026-04-28T13:40:54.840115+00:00,Pending
507,SURABAYA,DEFECT STORE,DEFECT STORE,1104012737,11040127 HYPERBLAST SHADOW - VANTABLACK,37,D2,OUTSOLE NGELOPEK,2026-04-28T13:40:54.840115+00:00,Pending
508,SURABAYA,DEFECT STORE,DEFECT STORE,1104015341,11040153 HYPERBLAST 2.1 - WHITE/CAMO,41,D2,OUTSOLE NGELOPEK,2026-04-28T13:40:54.840115+00:00,Pending
509,SURABAYA,DEFECT STORE,DEFECT STORE,1104015640,11040156 HYPERBLAST ENCORE - WHITE/CAMO,40,D2,OUTSOLE NGELOPEK,2026-04-28T13:40:54.840115+00:00,Pending
510,SURABAYA,DEFECT STORE,DEFECT STORE,SPSARD0737,SPSARD07 NFINITY FLASH - HITAM/EMAS,37,D2,OUTSOLE NGELOPEK,2026-04-28T13:40:54.840115+00:00,Pending
511,SURABAYA,DEFECT STORE,DEFECT STORE,950180340,9501803 VOLTASALA ALVEZ - WHITE/BLACK/GOLD,40,D2,OUTSOLE NGELOPEK,2026-04-28T13:40:54.840115+00:00,Pending
512,SURABAYA,DEFECT STORE,DEFECT STORE,40229140,402291 METASALA TRIGGER - WHITE/AQUA GRAY/GREEN GECKO,40,D2,OUTSOLE NGELOPEK,2026-04-28T13:40:54.840115+00:00,Pending
513,SURABAYA,DEFECT STORE,DEFECT STORE,SPE1020222430,SPE1020222 VIPER RX IN - WHITE ASSYLUM/ANTARTICA/GOBLIN BLUE,43,D2,OUTSOLE NGELOPEK,2026-04-28T13:40:54.840115+00:00,Pending
514,SURABAYA,DEFECT STORE,DEFECT STORE,1104014945,11040149 HYPERFUSE 3.0 - WHITE/AQUA,45,D2,OUTSOLE NGELOPEK,2026-04-28T13:40:54.840115+00:00,Pending
515,SURABAYA,DEFECT STORE,DEFECT STORE,PIE1000080410,PIE1000080 STREET NERO - WHITE/WHITE/WHITE,41,D2,OUTSOLE NGELOPEK,2026-04-28T13:40:54.840115+00:00,Pending
516,SURABAYA,DEFECT STORE,DEFECT STORE,VAU039A02238,VAU039A022 P76 GUM HIGH PUBLIC - BLACK/GUM,38,D2,OUTSOLE NGELOPEK,2026-04-28T13:40:54.840115+00:00,Pending
517,SURABAYA,DEFECT STORE,DEFECT STORE,930390240,9303902 XYCLOPS INFERNO FG - LT BLUE/BLUE/YELLOW,40,D2,OUTSOLE NGELOPEK,2026-04-28T13:40:54.840115+00:00,Pending
518,SURABAYA,DEFECT STORE,DEFECT STORE,950190239,9501902 VOLTASALA ARION M2 - ALL BLACK,39,D2,OUTSOLE NGELOPEK,2026-04-28T13:40:54.840115+00:00,Pending
519,SURABAYA,DEFECT STORE,DEFECT STORE,SPSARD1740,SPSARD17 PRP NFINITY ACE - HIJAU CITRON/HITAM,40,D2,OUTSOLE NGELOPEK,2026-04-28T13:40:54.840115+00:00,Pending
520,SURABAYA,DEFECT STORE,DEFECT STORE,1102069040,11020690 JOGOSALA STRIVE - CYAN,40,D2,OUTSOLE NGELOPEK,2026-04-28T13:40:54.840115+00:00,Pending
521,SURABAYA,DEFECT STORE,DEFECT STORE,1104016539,11040165 HYPERBLAST 2.1 - ORTRANGE/SAND,39,D2,OUTSOLE NGELOPEK,2026-04-28T13:40:54.840115+00:00,Pending
522,SURABAYA,DEFECT STORE,DEFECT STORE,1103029640,11030296 BERLIN - WHITE,40,D2,OUTSOLE NGELOPEK,2026-04-28T13:40:54.840115+00:00,Pending
523,SURABAYA,DEFECT STORE,DEFECT STORE,1102035041,11020350 INSIGNIA IN - DARK GREEN/WHITE,41,D2,OUTSOLE NGELOPEK,2026-04-28T13:40:54.840115+00:00,Pending
524,SURABAYA,DEFECT STORE,DEFECT STORE,1104012740,11040127 HYPERBLAST SHADOW - VANTABLACK,40,D2,OUTSOLE NGELOPEK,2026-04-28T13:40:54.840115+00:00,Pending
525,SURABAYA,DEFECT STORE,DEFECT STORE,1104013643,11040136 HYPERGLIDE 3.1 - BLACK/ORTANGE,43,D2,OUTSOLE NGELOPEK,2026-04-28T13:40:54.840115+00:00,Pending
526,SURABAYA,DEFECT STORE,DEFECT STORE,SPSARD13043,SPSARD130 NFINITY FLASH 2.0 - BLACK ATLANTIS,43,D2,OUTSOLE NGELOPEK,2026-04-28T13:40:54.840115+00:00,Pending
527,SURABAYA,DEFECT STORE,DEFECT STORE,1102044843,11020448 JOGOSALA RAMPAGE V2 - GREY/LIME/ORTRANGE,43,D2,OUTSOLE NGELOPEK,2026-04-28T13:40:54.840115+00:00,Pending
528,SURABAYA,DEFECT STORE,DEFECT STORE,SPSARD1741,SPSARD17 PRP NFINITY ACE - HIJAU CITRON/HITAM,41,D2,OUTSOLE NGELOPEK,2026-04-28T13:40:54.840115+00:00,Pending
529,SURABAYA,DEFECT STORE,DEFECT STORE,930590343,9305903 XYCLOPS SPEEDFREAK 1.2 ELITE FG - SKY BLUE/LYLAC/MARINA BLUE,43,D2,OUTSOLE NGELOPEK,2026-04-28T13:40:54.840115+00:00,Pending
531,SURABAYA,DEFECT STORE,DEFECT STORE,1104012944,11040129 HYPERFUSE 2.2 - WHITE/ORTRED,44,D2,OUTSOLE NGELOPEK,2026-04-28T13:40:54.840115+00:00,Pending
532,SURABAYA,DEFECT STORE,DEFECT STORE,1104015345,11040153 HYPERBLAST 2.1 - WHITE/CAMO,45,D2,OUTSOLE NGELOPEK,2026-04-28T13:40:54.840115+00:00,Pending
533,SURABAYA,DEFECT STORE,DEFECT STORE,920080834,9200808 XYCLOPS HELIOS FG JR - WHITE/NEON GREEN,34,D2,OUTSOLE NGELOPEK,2026-04-28T13:40:54.840115+00:00,Pending
534,SURABAYA,DEFECT STORE,DEFECT STORE,1104013840,11040138 HYPERGLIDE 3.1 - OLIVE/LIME,40,D2,OUTSOLE NGELOPEK,2026-04-28T13:40:54.840115+00:00,Pending
535,SURABAYA,DEFECT STORE,DEFECT STORE,110200048400,110200048 ACCELERATOR LIGHTSPEED 4 PRO IN - BLUE ODDYSEY/FUSION CORAL,40,D2,OUTSOLE NGELOPEK,2026-04-28T13:40:54.840115+00:00,Pending
536,SURABAYA,DEFECT STORE,DEFECT STORE,910440145,9104401 ENERPRO ZENITH - LEMON/DK.PINE/ORANGE,45,D2,OUTSOLE NGELOPEK,2026-04-28T13:40:54.840115+00:00,Pending
537,SURABAYA,DEFECT STORE,DEFECT STORE,N882435601112436,N8824356011124 HAZE TEMPO FEME - TURQUOUSE/LIME/PINK,36,D2,OUTSOLE NGELOPEK,2026-04-28T13:40:54.840115+00:00,Pending
538,SURABAYA,DEFECT STORE,DEFECT STORE,1104014942,11040149 HYPERFUSE 3.0 - WHITE/AQUA,42,D2,OUTSOLE NGELOPEK,2026-04-28T13:40:54.840115+00:00,Pending
539,SURABAYA,DEFECT STORE,DEFECT STORE,1103028842,11030288 BOSTON - MOSS GREEN,42,D2,OUTSOLE NGELOPEK,2026-04-28T13:40:54.840115+00:00,Pending
540,SURABAYA,DEFECT STORE,DEFECT STORE,SPSARD0746,SPSARD07 NFINITY FLASH - HITAM/EMAS,46,D2,OUTSOLE NGELOPEK,2026-04-28T13:40:54.840115+00:00,Pending
541,SURABAYA,DEFECT STORE,DEFECT STORE,910200942,9102009 TREXIMO ENERLITE - CYAN/NAVY/LT GREY,42,D2,OUTSOLE NGELOPEK,2026-04-28T13:40:54.840115+00:00,Pending
542,SURABAYA,DEFECT STORE,DEFECT STORE,1103026841,11030268 BRISBANE - SNOW,41,D2,OUTSOLE NGELOPEK,2026-04-28T13:40:54.840115+00:00,Pending
543,SURABAYA,DEFECT STORE,DEFECT STORE,1102058341,11020583 JOGOSALA RAMPAGE V2 - NAVY/PEACH/WHITE,41,D2,OUTSOLE NGELOPEK,2026-04-28T13:40:54.840115+00:00,Pending
544,SURABAYA,DEFECT STORE,DEFECT STORE,910410239,9104102 ENERSTRIKE BLITZ - DK GREEN/LIME/OFF WHITE,39,D2,OUTSOLE NGELOPEK,2026-04-28T13:40:54.840115+00:00,Pending
545,SURABAYA,DEFECT STORE,DEFECT STORE,SPE1040064400,SPE1040064 COANDA SPARS SV SUBS1 - WHITE/BLACK/CORSAIR,40,D2,OUTSOLE NGELOPEK,2026-04-28T13:40:54.840115+00:00,Pending
546,SURABAYA,DEFECT STORE,DEFECT STORE,N00912345637442,N009123456374 FUUTO REVENGE - TRIPPLE BLACK,42,D2,OUTSOLE NGELOPEK,2026-04-28T13:40:54.840115+00:00,Pending
547,SURABAYA,DEFECT STORE,DEFECT STORE,SPE1020127410,SPE1020127 ACCELERATOR LIGHTSPEED 4 NITRO PRO IN - WHITE SAND/GREEN GECKO,41,D2,OUTSOLE NGELOPEK,2026-04-28T13:40:54.840115+00:00,Pending
548,SURABAYA,DEFECT STORE,DEFECT STORE,SPSARD22845,SPSARD228 COVENTRY 2.0 - WHITE CLOUD,45,D2,OUTSOLE NGELOPEK,2026-04-28T13:40:54.840115+00:00,Pending
549,SURABAYA,DEFECT STORE,DEFECT STORE,1104013541,11040135 HYPERGLIDE 3.1 - LIGHT GREY/ORTRANGE,41,D2,OUTSOLE NGELOPEK,2026-04-28T13:40:54.840115+00:00,Pending
551,SURABAYA,DEFECT STORE,DEFECT STORE,1104016542,11040165 HYPERBLAST 2.1 - ORTRANGE/SAND,42,D2,OUTSOLE NGELOPEK,2026-04-28T13:40:54.840115+00:00,Pending
553,SURABAYA,DEFECT STORE,DEFECT STORE,1104014844,11040148 LUNAR - WINTER MOON,44,D2,OUTSOLE NGELOPEK,2026-04-28T13:40:54.840115+00:00,Pending
554,SURABAYA,DEFECT STORE,DEFECT STORE,910690442,9106904 ENERSTRIKE ZENITH M2 - ALL WHITE,42,D2,OUTSOLE NGELOPEK,2026-04-28T13:40:54.840115+00:00,Pending
555,SURABAYA,DEFECT STORE,DEFECT STORE,CBNIK6682XL,CBNIK668 HL317 (MI) - GREEN,2XL,D2,KOTOR,2026-04-28T13:40:54.840115+00:00,Pending
556,SURABAYA,DEFECT STORE,DEFECT STORE,CBNIK6662XL,CBNIK666 HL317 (MI) - GREY,2XL,D2,KOTOR,2026-04-28T13:40:54.840115+00:00,Pending
557,SURABAYA,GL4-DC-DEFECT,GL4-DC-DEFECT,MCIUA76XL,MCIUA76 C002 - BLACK,XL,D2,KOTOR,2026-04-28T13:40:54.840115+00:00,Pending
561,SURABAYA,STAGGING REFUND,REJECT DC,SPSHEI0543,SPSHEI05  ULTRA STRYDE - FULL BLACK,43,HANYA SEBELAH KIRI,HANYA SEBELAH KIRI,2026-04-28T18:06:00+00:00,Pending
562,SURABAYA,GL3-DC-J5-3,REJECT DC,SPSHEI0542,SPSHEI05 ULTRA STRYDE - FULL BLACK,42,HANYA SEBELAH KANAN,HANYA SEBELAH KANAN SAJA,2026-04-28T18:06:45+00:00,Pending
574,SEMARANG,REJECT,REJECT,1104015739,11040157 HYPERBLAST ENCORE - PISTACHIO/CAMO,39,HANYA SEBELAH KIRI,HANYA SEBELAH KIRI,2026-05-01T20:44:59.96874+00:00,Pending
601,SURABAYA,GL1-DC-INB,GL4-DC-REJECT,AJMAN02M,MANSPORT SLEEVEARM - BLACK,M,BERBEDA SIZE,KANAN KIRI BEDA SIZE,2026-05-07T12:49:29.739051+00:00,Pending
602,SURABAYA,GL1-DC-INB,GL4-DC-REJECT,AJJEZ16GRE,JEZ GYMSACK JARING EDGE - GREY,NS,R1,Salah satu tali copot,2026-05-07T12:49:29.739051+00:00,Pending
603,SURABAYA,GL4-DC-REJECT,GL4-DC-REJECT,1102069141,JOGOSALA VANQUISH - OFF WHITE/CAMO,41,HANYA SEBELAH KANAN,HANYA KANAN SAJA (PERLU ADJUSMENT),2026-05-07T12:49:29.739051+00:00,Pending
604,SURABAYA,GL1-DC-INB,GL4-DC-REJECT,1102069140,JOGOSALA VANQUISH - OFF WHITE/CAMO,40,HANYA SEBELAH KIRI,HANYA KIRI SAJA,2026-05-07T12:49:29.739051+00:00,Pending
607,SURABAYA,GL4-DC-REJECT,GL4-DC-REJECT,N00912345637440,FUUTO REVENGE - TRIPPLE BLACK,40,HANYA SEBELAH KANAN,HANYA KANAN SAJA (PERLU ADJUSMENT),2026-05-07T12:49:29.739051+00:00,Pending
608,SURABAYA,GL1-DC-INB,GL4-DC-REJECT,N00912345637439,FUUTO REVENGE - TRIPPLE BLACK,39,HANYA SEBELAH KIRI,HANYA KIRI SAJA,2026-05-07T12:49:29.739051+00:00,Pending
609,SURABAYA,GL4-DC-REJECT,GL4-DC-REJECT,1101065141,CATALYST LIBERTE V4 FG - SILVER/AQUA,41,HANYA SEBELAH KANAN,HANYA KANAN SAJA (PERLU ADJUSMENT),2026-05-07T12:49:29.739051+00:00,Pending
610,SURABAYA,GL1-DC-INB,GL4-DC-REJECT,1101065142,CATALYST LIBERTE V4 FG - SILVER/AQUA,42,HANYA SEBELAH KIRI,HANYA KIRI SAJA,2026-05-07T12:49:29.739051+00:00,Pending
611,SURABAYA,GL4-DC-REJECT,GL4-DC-REJECT,110100057410,ACCELERATOR LIGHTSPEED 4 ELITE FG - BLUE ODDYSEY/FUSION CORAL,41,HANYA SEBELAH KANAN,HANYA KANAN SAJA (PERLU ADJUSMENT),2026-05-07T12:49:29.739051+00:00,Pending
612,SURABAYA,GL1-DC-INB,GL4-DC-REJECT,110100057400,ACCELERATOR LIGHTSPEED 4 ELITE FG - BLUE ODDYSEY/FUSION CORAL,40,HANYA SEBELAH KIRI,HANYA KIRI SAJA,2026-05-07T12:49:29.739051+00:00,Pending
613,SURABAYA,GL1-DC-INB,GL4-DC-REJECT,110200048400,ACCELERATOR LIGHTSPEED 4 PRO IN - BLUE ODDYSEY/FUSION CORAL,40,HANYA SEBELAH KANAN,HANYA KANAN SAJA,2026-05-07T12:49:29.739051+00:00,Pending
614,SURABAYA,GL4-DC-REJECT,GL4-DC-REJECT,110200051400,ACCELERATOR LIGHTSPEED 4 CORE IN - BLUE ODDYSEY/FUSION CORAL,40,HANYA SEBELAH KIRI,HANYA KIRI SAJA (PERLU ADJUSMENT),2026-05-07T12:49:29.739051+00:00,Pending
615,SURABAYA,GL4-DC-REJECT,GL4-DC-REJECT,SPSUNE3437,SWIFT MOVE - VANILLA ICE,37,HANYA SEBELAH KIRI,HANYA KIRI SAJA (PERLU ADJUSMENT),2026-05-07T12:49:29.739051+00:00,Pending
616,SURABAYA,GL1-DC-INB,GL4-DC-REJECT,SPSUNE3439,SWIFT MOVE - VANILLA ICE,39,HANYA SEBELAH KANAN,HANYA KANAN SAJA,2026-05-07T12:49:29.739051+00:00,Pending
617,SURABAYA,GL4-DC-REJECT,GL4-DC-REJECT,910120940,TREXIMO SAGA V2 - RED FIESTA/BLACK/NEON/WHITE,40,HANYA SEBELAH KANAN,HANYA KANAN SAJA (PERLU ADJUSMENT),2026-05-07T12:49:29.739051+00:00,Pending
618,SURABAYA,GL1-DC-INB,GL4-DC-REJECT,910120941,TREXIMO SAGA V2 - RED FIESTA/BLACK/NEON/WHITE,41,HANYA SEBELAH KIRI,HANYA KIRI SAJA,2026-05-07T12:49:29.739051+00:00,Pending
619,SURABAYA,GL4-DC-REJECT,GL4-DC-REJECT,SPSARD0743,NFINITY FLASH - HITAM/EMAS,43,HANYA SEBELAH KANAN,HANYA KANAN SAJA (PERLU ADJUSMENT),2026-05-07T12:49:29.739051+00:00,Pending
620,SURABAYA,GL1-DC-INB,GL4-DC-REJECT,SPSARD0743,NFINITY FLASH - HITAM/EMAS,43,HANYA SEBELAH KANAN,HANYA KANAN SAJA,2026-05-07T12:49:29.739051+00:00,Pending
621,SURABAYA,GL1-DC-INB,GL4-DC-DEFECT,SPE1020268400,GALACTICA MORPH NV IN - WHITE/ICE FLOW,40,D2,OUTSOLE YELLOWING,2026-05-07T12:49:29.739051+00:00,Pending
622,SURABAYA,GL1-DC-INB,GL4-DC-DEFECT,920080335,XYCLOPS HELIOS FG JR - SKY BLUE/MAGENTA,35,D1,ADA JAHITAN YANG TERKELUPAS,2026-05-07T12:49:29.739051+00:00,Pending
623,SURABAYA,GL1-DC-INB,GL4-DC-DEFECT,910430440,ENERSTRIKE ZENITH - WINTER WHITE/WHITE/GREEN,40,D2,UPPER KOTOR NODA,2026-05-07T12:49:29.739051+00:00,Pending
624,SURABAYA,GL1-DC-INB,GL4-DC-DEFECT,SPE1010141360,ELEVATION TWO JR FG - WHITE/MAGNIFICO,36,D1,UPPER DIGIGIT SEMUT SOL,2026-05-07T12:49:29.739051+00:00,Pending
626,SURABAYA,GL1-DC-INB,GL4-DC-DEFECT,970021542,ULTRAS CLASICA CORE - WHITE/WHITE,42,D2,KOTOR BEKAS NODA,2026-05-07T12:49:29.739051+00:00,Pending
627,SURABAYA,GL1-DC-INB,GL4-DC-DEFECT,JN22INDHSV2XL,22 INDONESIA SV - RED,2XL,R1,BERLUBANG SEPERTI TERKENA PUTUNG ROKOK,2026-05-07T12:49:29.739051+00:00,Pending
628,SURABAYA,GL1-DC-INB,GL4-DC-DEFECT,SPE1010141360,ELEVATION TWO JR FG - WHITE/MAGNIFICO,36,D1,UPPER DIGIGIT SEMUT SOL,2026-05-07T12:49:29.739051+00:00,Pending
625,SURABAYA,GL1-DC-INB,GL4-DC-REJECT,1101064240,CATALYST BALLISTIC FG - SILVER/BLACK,40,HANYA SEBELAH KIRI,HANYA KIRI SAJA,2026-05-07T12:49:29.739051+00:00,DONE
606,SURABAYA,GL1-DC-INB,GL4-DC-REJECT,SPE1010220390,CARNAGE FG - ICE FLOW/GEORGIA PEACH/CORSAIR,39,HANYA SEBELAH KIRI,HANYA KIRI SAJA,2026-05-07T12:49:29.739051+00:00,DONE
605,SURABAYA,GL4-DC-REJECT,GL4-DC-REJECT,SPE1020214390,CARNAGE IN - ICE FLOW/GEORGIA PEACH/CORSAIR,39,HANYA SEBELAH KANAN,HANYA KANAN SAJA (PERLU ADJUSMENT),2026-05-07T12:49:29.739051+00:00,DONE
563,SURABAYA,GL4-DC-RAK04-26,GL4-DC-DEFECT,31010009NS,TORNADO FB BALL - WHITE/NAVY/GREEN,NS,D1,BOLA KOTOR DAN ADA BEKAS CORETAN WARNA MERAH,2026-05-01T20:33:44.796871+00:00,Pending
564,SURABAYA,STAGGING GAGAL QC,GL4-DC-DEFECT,31010009NS,TORNADO FB BALL - WHITE/NAVY/GREEN,NS,D2,BOLA KOTOR DAN ADA MOTIF YANG LUNTUR,2026-05-01T20:33:44.796871+00:00,Pending
575,SEMARANG,REJECT,REJECT,1103007741,11030077 PHYTON - ALL BLACK,41,HANYA SEBELAH KIRI,HANYA SEBELAH KIRI,2026-05-04T13:56:12.493345+00:00,Pending
576,SEMARANG,REJECT,REJECT,1103007745,11030077 PHYTON - ALL BLACK,45,HANYA SEBELAH KANAN,HANYA SEBELAH KANAN,2026-05-04T13:56:12.493345+00:00,Pending
577,SEMARANG,REJECT,REJECT,40223040,402230 ACCELERATOR ILLUZION 3 PRO IN - BLUE MARGUERITE/PARIS GRAY/SAFETY YELLOW,40,HANYA SEBELAH KIRI,HANYA SEBELAH KIRI,2026-05-04T13:56:12.493345+00:00,Pending
578,SEMARANG,REJECT,REJECT,40223040,402230 ACCELERATOR ILLUZION 3 PRO IN - BLUE MARGUERITE/PARIS GRAY/SAFETY YELLOW,40,HANYA SEBELAH KIRI,HANYA SEBELAH KIRI,2026-05-04T13:56:12.493345+00:00,Pending
579,SEMARANG,REJECT,REJECT,SPSARD11043,SPSARD110 VOLSTOG - BLACK,43,HANYA SEBELAH KIRI,HANYA SEBELAH KIRI,2026-05-04T13:56:12.493345+00:00,Pending
580,SEMARANG,REJECT,REJECT,SPSARD11043,SPSARD110 VOLSTOG - BLACK,43,HANYA SEBELAH KIRI,HANYA SEBELAH KIRI,2026-05-04T13:56:12.493345+00:00,Pending
581,SEMARANG,REJECT,REJECT,1102067946,11020679 CATALYST HYPERION IN - SILVER/ORTRANGE,46,HANYA SEBELAH KANAN,HANYA SEBELAH KANAN,2026-05-04T13:56:12.493345+00:00,Pending
582,SEMARANG,REJECT,REJECT,1102067945,11020679 CATALYST HYPERION IN - SILVER/ORTRANGE,45,HANYA SEBELAH KIRI,HANYA SEBELAH KIRI,2026-05-04T13:56:12.493345+00:00,Pending
583,SEMARANG,REJECT,REJECT,ASMOL213,ASMOL21 BASKETBALL BGR3 - BLUE/ORANGE,3,R4,LUBANG CHOP RUSAK,2026-05-04T13:56:12.493345+00:00,Pending
584,SEMARANG,REJECT,REJECT,940270242,9402702 XYCLOPS ACG MK II PRIME IN - PHANTOM BLACK/SPECTRA GREEN,42,R3,SIZE SAMA HANYA DIMENSI SEPATU SEBELAH KANAN LEBIH BESAR,2026-05-04T13:56:12.493345+00:00,Pending
585,SEMARANG,REJECT,REJECT,SPSARD1839,SPSARD18 PRP NFINITY ACE - HITAM/FUSHIA,39,R2,LEM MIDSOLE MENGELUPAS,2026-05-04T13:56:12.493345+00:00,Pending
586,SEMARANG,REJECT,REJECT,990050342,9900503 VULCAN SLIDE - OCEAN BLUE/LIME GREEN/WHITE,42,HANYA SEBELAH KANAN,HANYA SEBELAH KANAN,2026-05-04T13:56:12.493345+00:00,Pending
587,SEMARANG,REJECT,REJECT,990050341,9900503 VULCAN SLIDE - OCEAN BLUE/LIME GREEN/WHITE,41,HANYA SEBELAH KIRI,HANYA SEBELAH KIRI,2026-05-04T13:56:12.493345+00:00,Pending
588,SEMARANG,REJECT,REJECT,940370341,9403703 GLADION IN - PURPLE/VIOLET/CYAN,41,HANYA SEBELAH KANAN,HANYA SEBELAH KANAN,2026-05-04T13:56:12.493345+00:00,Pending
589,SEMARANG,REJECT,REJECT,940370340,9403703 GLADION IN - PURPLE/VIOLET/CYAN,40,HANYA SEBELAH KIRI,HANYA SEBELAH KIRI,2026-05-04T13:56:12.493345+00:00,Pending
590,SEMARANG,REJECT,REJECT,1102051440,11020514 RAVEN V2 IN - AIRFORCE BLUE/GOLD,40,HANYA SEBELAH KANAN,HANYA SEBELAH KANAN,2026-05-04T13:56:12.493345+00:00,Pending
591,SEMARANG,REJECT,REJECT,1102051439,11020514 RAVEN V2 IN - AIRFORCE BLUE/GOLD,39,HANYA SEBELAH KIRI,HANYA SEBELAH KIRI,2026-05-04T13:56:12.493345+00:00,Pending
592,SEMARANG,REJECT,REJECT,990080239,9900802 METASLIDE GRAFFITI - WHITE/BLACK,39,HANYA SEBELAH KANAN,HANYA SEBELAH KANAN,2026-05-04T13:56:12.493345+00:00,Pending
593,SEMARANG,REJECT,REJECT,990080238,9900802 METASLIDE GRAFFITI - WHITE/BLACK,38,HANYA SEBELAH KIRI,HANYA SEBELAH KIRI,2026-05-04T13:56:12.493345+00:00,Pending
594,SEMARANG,REJECT,REJECT,CTADI287L,CTADI287 HNL01 (MI) - BLACK,L,R4,SOBEK,2026-05-04T13:56:12.493345+00:00,Pending
595,SEMARANG,REJECT,REJECT,1102055742,11020557 MEMPHIS IN - PISTACHIO/TEAL/HONEY,42,HANYA SEBELAH KIRI,HANYA SEBELAH KIRI,2026-05-04T13:56:12.493345+00:00,Pending
596,SEMARANG,REJECT,REJECT,1102055740,11020557 MEMPHIS IN - PISTACHIO/TEAL/HONEY,40,HANYA SEBELAH KANAN,HANYA SEBELAH KANAN,2026-05-04T13:56:12.493345+00:00,Pending
597,SEMARANG,REJECT,REJECT,N9986643682440,N99866436824 HAZE STRIKE PRIME 1.5 - HIJAU TEAL/LIME/MINT,40,R4,"BEKAS RETUR DARI CUST, KONDISI JEBOL",2026-05-04T13:56:12.493345+00:00,Pending
598,SEMARANG,DEFECT,DEFECT,SPSARD1843,SPSARD18 PRP NFINITY ACE - HITAM/FUSHIA,43,D3,LEM MIDSOLE MENGELUPAS,2026-05-04T13:56:12.493345+00:00,Pending
599,SEMARANG,DEFECT,DEFECT,1103020440,11030204 MONARCH - BLACK/WHITE,40,D3,LEM MIDSOLE MENGELUPAS,2026-05-04T13:56:12.493345+00:00,Pending
600,SEMARANG,DEFECT,DEFECT,1103020440,11030204 MONARCH - BLACK/WHITE,40,D3,LEM MIDSOLE MENGELUPAS,2026-05-04T13:56:12.493345+00:00,Pending
657,SURABAYA,TOKO,REJECT DC,GW413840S,GW4138 GALAXY 6M - ALL BLACK,40S,HANYA SEBELAH KANAN,HANYA ADA KANAN SAJA,2026-05-11T15:22:58+00:00,Pending
559,SURABAYA,GL3-DC-A2-2,REJECT DC,900220241,9002202 VOLTASALA ARION M2 TF - ALL BLACK,41,HANYA SEBELAH KIRI,HANYA SEBELAH KIRI SAJA,2026-04-28T17:58:34+00:00,DONE
567,SEMARANG,REJECT,REJECT,1101064240,11010642 CATALYST BALLISTIC FG - SILVER/BLACK,40,HANYA SEBELAH KANAN,HANYA SEBELAH KANAN,2026-05-01T20:44:59.96874+00:00,DONE
569,SEMARANG,REJECT,REJECT,900220241,9002202 VOLTASALA ARION M2 TF - ALL BLACK,41,HANYA SEBELAH KANAN,HANYA SEBELAH KANAN,2026-05-01T20:44:59.96874+00:00,DONE
570,SEMARANG,REJECT,REJECT,930780240,9307802 SPYRO FG - MARINA BLUE/LT BLUE/RED,40,HANYA SEBELAH KIRI,HANYA SEBELAH KIRI,2026-05-01T20:44:59.96874+00:00,DONE
660,SURABAYA,GL4-DC-LIVE,GL4-DC-REJECT,910560939,ENERSTRIKE HYPER - BLACK/SILVER/YELLOW,39,R1,KANAN KENA RAYAP,2026-05-29T15:02:26.451103+00:00,Pending
661,SURABAYA,GL4-DC-LIVE,GL4-DC-REJECT,910410640,ENERSTRIKE BLITZ M2 - PASTEL JADE/ORANGE/NEON YELLOW,40,R1,KANAN KENA RAYAP,2026-05-29T15:02:26.451103+00:00,Pending
662,SURABAYA,GL4-DC-LIVE,GL4-DC-REJECT,910640241,KAISER - ALL BLACK,41,R1,KANAN KENA RAYAP,2026-05-29T15:02:26.451103+00:00,Pending
663,SURABAYA,GL4-DC-LIVE,GL4-DC-REJECT,910560341,ENERSTRIKE HYPER - WHITE/BROKEN WHITE,41,R1,KANAN KENA RAYAP,2026-05-29T15:02:26.451103+00:00,Pending
664,SURABAYA,GL4-DC-REJECT,GL4-DC-REJECT,910520342,ENERSTRIKE FLY M2 - WHITE/BLACK,42,HANYA SEBELAH KIRI,HANYA ADA KIRI SAJA,2026-05-29T15:02:26.451103+00:00,Pending
665,SURABAYA,STAGGING REFUND,GL4-DC-REJECT,910520341,ENERSTRIKE FLY M2 - WHITE/BLACK,41,HANYA SEBELAH KANAN,HANYA ADA KANAN SAJA,2026-05-29T15:02:26.451103+00:00,Pending
666,SURABAYA,GL4-DC-REJECT,GL4-DC-REJECT,990050342,VULCAN SLIDE - OCEAN BLUE/LIME GREEN/WHITE,42,HANYA SEBELAH KANAN,HANYA ADA KANAN SAJA,2026-05-29T15:02:26.451103+00:00,Pending
667,SURABAYA,GL3-DC-PUTAWAY,GL4-DC-REJECT,990050341,VULCAN SLIDE - OCEAN BLUE/LIME GREEN/WHITE,41,HANYA SEBELAH KIRI,HANYA ADA KIRI SAJA,2026-05-29T15:02:26.451103+00:00,Pending
668,SURABAYA,GL4-DC-REJECT,GL4-DC-REJECT,1104015740,HYPERBLAST ENCORE - PISTACHIO/CAMO,40,HANYA SEBELAH KANAN,HANYA ADA KANAN SAJA,2026-05-29T15:02:26.451103+00:00,Pending
669,SURABAYA,GL4-DC-REJECT,GL4-DC-REJECT,1102055742,MEMPHIS IN - PISTACHIO/TEAL/HONEY,42,HANYA SEBELAH KIRI,HANYA ADA KIRI SAJA,2026-05-29T15:02:26.451103+00:00,Pending
670,SURABAYA,GL4-DC-REJECT,GL4-DC-REJECT,SPSARD35942,REFRACTION - ALL BLACK,42,HANYA SEBELAH KIRI,HANYA ADA KIRI SAJA,2026-05-29T15:02:26.451103+00:00,Pending
565,SEMARANG,REJECT,REJECT,1101070144,11010701 CATALYST LEGION V5 FG - AQUA/LIME,44,HANYA SEBELAH KIRI,HANYA SEBELAH KIRI,2026-05-01T20:44:59.96874+00:00,Pending
566,SEMARANG,REJECT,REJECT,1101066844,11010668 CATALYST LEGION V5 FG - CELESTE BLUE/WHITE,44,HANYA SEBELAH KANAN,HANYA SEBELAH KANAN,2026-05-01T20:44:59.96874+00:00,Pending
568,SEMARANG,REJECT,REJECT,1102064240,11020642 CATALYST BALLISTIC IN - SILVER/BLACK,40,HANYA SEBELAH KIRI,HANYA SEBELAH KIRI,2026-05-01T20:44:59.96874+00:00,Pending
572,SEMARANG,REJECT,REJECT,SPSARD35941,SPSARD359 REFRACTION - ALL BLACK,41,HANYA SEBELAH KANAN,HANYA SEBELAH KANAN,2026-05-01T20:44:59.96874+00:00,Pending
313,SURABAYA,GL4-DC-REJECT,GL4-DC-REJECT,SPSARD103744,ARDILES NFINITY FLASH - ABU-ABU/MERAH FUSHIA,44,R4,OUTSOLE MENGELUPAS/SOBEK,2026-04-28T13:34:48.783185+00:00,Pending
314,SURABAYA,GL4-DC-REJECT,GL4-DC-REJECT,910560441,ENERSTRIKE HYPER - WHITE/GREEN/BROKEN WHITE,41,R4,PENUH DENGAN RAYAP,2026-04-28T13:34:48.783185+00:00,Pending
315,SURABAYA,GL4-DC-REJECT,GL4-DC-REJECT,N7465378596224,TAKASHI RUN ELIT - PUTIH/BIRU MUDA/MERAH MUDA,40,R3,YELLOWING PARAH  PADA BAGIAN UPPER SEBELAH KANAN,2026-04-28T13:34:48.783185+00:00,Pending
316,SURABAYA,GL4-DC-REJECT,GL4-DC-REJECT,910640240,KAISER - ALL BLACK,40,HANYA SEBELAH KIRI,"HANYA ADA KIRI SAJA
",2026-04-28T13:34:48.783185+00:00,Pending
317,SURABAYA,GL4-DC-REJECT,GL4-DC-REJECT,0105004142,OMEGA 2.0 - BLACK/WHITE,42,HANYA SEBELAH KIRI,HANYA ADA KIRI SAJA,2026-04-28T13:34:48.783185+00:00,Pending
318,SURABAYA,GL4-DC-REJECT,GL4-DC-REJECT,SPSYON5841,HEXIS - BLACK/WAVE BLUE,41,HANYA SEBELAH KIRI,HANYA ADA KIRI SAJA,2026-04-28T13:34:48.783185+00:00,Pending
319,SURABAYA,GL4-DC-REJECT,GL4-DC-REJECT,SPSARD1742,ARDILES NFINITY ACE - HIJAU CITRON/HITAM,42,HANYA SEBELAH KIRI,HANYA ADA KIRI SAJA,2026-04-28T13:34:48.783185+00:00,Pending
320,SURABAYA,GL4-DC-REJECT,GL4-DC-REJECT,SPSARD0240,ARDILES NFINITY RAITON - ORANGE/HITAM,40,HANYA SEBELAH KIRI,HANYA ADA KIRI SAJA,2026-04-28T13:34:48.783185+00:00,Pending
322,SURABAYA,GL4-DC-REJECT,GL4-DC-REJECT,SPE1010134390,ACCELERATOR LIGHTSPEED 4 NITRO CORE FG,39,HANYA SEBELAH KIRI,HANYA ADA KIRI SAJA,2026-04-28T13:34:48.783185+00:00,Pending
323,SURABAYA,GL4-DC-REJECT,GL4-DC-REJECT,910310741,ENERMAX NANOKIT - WHITE/GREEN/TURQUOISE,41,HANYA SEBELAH KIRI,HANYA ADA KIRI SAJA,2026-04-28T13:34:48.783185+00:00,Pending
324,SURABAYA,GL4-DC-REJECT,GL4-DC-REJECT,1101026638,ZENITH FG - BLACK/GREY,38,HANYA SEBELAH KIRI,HANYA ADA KIRI SAJA,2026-04-28T13:34:48.783185+00:00,Pending
325,SURABAYA,GL4-DC-REJECT,GL4-DC-REJECT,910200142,TREXIMO ENERLITE - BLACK,42,HANYA SEBELAH KIRI,HANYA ADA KIRI SAJA,2026-04-28T13:34:48.783185+00:00,Pending
326,SURABAYA,GL4-DC-REJECT,GL4-DC-REJECT,1102044837,JOGOSALA RAMPAGE V2 - GREY/LIME/ORTRANGE,37,HANYA SEBELAH KIRI,HANYA ADA KIRI AJA,2026-04-28T13:34:48.783185+00:00,Pending
327,SURABAYA,GL4-DC-REJECT,GL4-DC-REJECT,1102058344,JOGOSALA RAMPAGE V2 - NAVY/PEACH/WHITE,44,HANYA SEBELAH KIRI,HANYA ADA KIRI AJA,2026-04-28T13:34:48.783185+00:00,Pending
328,SURABAYA,GL4-DC-REJECT,GL4-DC-REJECT,SPE102027741,SPEEDBLAZE 4 IN - LIGHTEST SKY/WHITE/GOBLIN BLUE,41,HANYA SEBELAH KIRI,HANYA ADA KIRI AJA,2026-04-28T13:34:48.783185+00:00,Pending
329,SURABAYA,GL4-DC-REJECT,GL4-DC-REJECT,1102073342,MIRAGE IN - SILVER/TEAL,42,HANYA SEBELAH KIRI,HANYA ADA KIRI AJA,2026-04-28T13:34:48.783185+00:00,Pending
330,SURABAYA,GL4-DC-REJECT,GL4-DC-REJECT,1102059843,JOGOSALA CRUSHER V2 - CLOUD BLUE/CAMO,43,HANYA SEBELAH KIRI,HANYA ADA KIRI AJA,2026-04-28T13:34:48.783185+00:00,Pending
331,SURABAYA,GL4-DC-REJECT,GL4-DC-REJECT,0105004141,OMEGA 2.0 - BLACK/WHITE,41,HANYA SEBELAH KANAN,HANYA ADA KANAN SAJA,2026-04-28T13:34:48.783185+00:00,Pending
332,SURABAYA,GL4-DC-REJECT,GL4-DC-REJECT,SPSYON5842,HEXIS - BLACK/WAVE BLUE,42,HANYA SEBELAH KANAN,HANYA ADA KANAN SAJA,2026-04-28T13:34:48.783185+00:00,Pending
333,SURABAYA,GL4-DC-REJECT,GL4-DC-REJECT,SPSARD1740,ARDILES NFINITY ACE - HIJAU CITRON/HITAM,40,HANYA SEBELAH KANAN,HANYA ADA KANAN SAJA,2026-04-28T13:34:48.783185+00:00,Pending
334,SURABAYA,GL4-DC-REJECT,GL4-DC-REJECT,SPSARD1843,ARDILES NFINITY ACE - HITAM/FUSHIA,43,HANYA SEBELAH KANAN,HANYA ADA KANAN SAJA,2026-04-28T13:34:48.783185+00:00,Pending
335,SURABAYA,GL4-DC-REJECT,GL4-DC-REJECT,SPSARD1844,ARDILES NFINITY ACE - HITAM/FUSHIA,44,HANYA SEBELAH KANAN,HANYA ADA KANAN SAJA,2026-04-28T13:34:48.783185+00:00,Pending
336,SURABAYA,GL4-DC-REJECT,GL4-DC-REJECT,SPSARD1940,ARDILES RAITON BLAZE - ORANGE HITAM,40,HANYA SEBELAH KANAN,HANYA ADA KANAN SAJA,2026-04-28T13:34:48.783185+00:00,Pending
337,SURABAYA,GL4-DC-REJECT,GL4-DC-REJECT,970230440,ECHO - TRIPPLE BLACK,40,HANYA SEBELAH KANAN,HANYA ADA KANAN SAJA,2026-04-28T13:34:48.783185+00:00,Pending
338,SURABAYA,GL4-DC-REJECT,GL4-DC-REJECT,SPE402211420,ARROW IN - BLACK/JET BLACK/SILVER,42,HANYA SEBELAH KANAN,HANYA ADA KANAN SAJA,2026-04-28T13:34:48.783185+00:00,Pending
340,SURABAYA,GL4-DC-REJECT,GL4-DC-REJECT,SPE1010131390,ACCELERATOR LIGHTSPEED 4 NITRO PRO FG - STERLING BLUE/AMAZONITE,39,HANYA SEBELAH KANAN,HANYA ADA KANAN SAJA,2026-04-28T13:34:48.783185+00:00,Pending
341,SURABAYA,GL4-DC-REJECT,GL4-DC-REJECT,SPSARD1840,ARDILES NFINITY ACE - HITAM/FUSHIA,40,HANYA SEBELAH KANAN,HANYA ADA KANAN SAJA,2026-04-28T13:34:48.783185+00:00,Pending
342,SURABAYA,GL4-DC-REJECT,GL4-DC-REJECT,SPE1040060400,FLYBIRD SV SUBS1 - WHITE/BLACK,40,HANYA SEBELAH KANAN,HANYA ADA KANAN SAJA,2026-04-28T13:34:48.783185+00:00,Pending
343,SURABAYA,GL4-DC-REJECT,GL4-DC-REJECT,SPE1020075410,REACTO DEVIANT CORE IN - WHITE/PINK/DESIRE BLUE,41,HANYA SEBELAH KANAN,HANYA ADA KANAN SAJA,2026-04-28T13:34:48.783185+00:00,Pending
344,SURABAYA,GL4-DC-REJECT,GL4-DC-REJECT,910100141,ENERMAX CUSHION - RED/ORANGE/BLACK,41,HANYA SEBELAH KANAN,HANYA ADA KANAN SAJA,2026-04-28T13:34:48.783185+00:00,Pending
345,SURABAYA,GL4-DC-REJECT,GL4-DC-REJECT,910100139,ENERMAX CUSHION - RED/ORANGE/BLACK,39,HANYA SEBELAH KANAN,HANYA ADA KANAN SAJA,2026-04-28T13:34:48.783185+00:00,Pending
346,SURABAYA,GL4-DC-REJECT,GL4-DC-REJECT,1102044839,JOGOSALA RAMPAGE V2 - GREY/LIME/ORTRANGE,39,HANYA SEBELAH KANAN,HANYA ADA KANAN AJA,2026-04-28T13:34:48.783185+00:00,Pending
347,SURABAYA,GL4-DC-REJECT,GL4-DC-REJECT,1102058343,JOGOSALA RAMPAGE V2 - NAVY/PEACH/WHITE,43,HANYA SEBELAH KANAN,HANYA ADA KANAN AJA,2026-04-28T13:34:48.783185+00:00,Pending
348,SURABAYA,GL4-DC-REJECT,GL4-DC-REJECT,SPE1020277420,SPEEDBLAZE 4 IN - LIGHTEST SKY/WHITE/GOBLIN BLUE,42,HANYA SEBELAH KANAN,HANYA ADA KANAN AJA,2026-04-28T13:34:48.783185+00:00,Pending
349,SURABAYA,GL4-DC-REJECT,GL4-DC-REJECT,1102073343,MIRAGE IN - SILVER/TEAL,43,HANYA SEBELAH KANAN,HANYA ADA KANAN AJA,2026-04-28T13:34:48.783185+00:00,Pending
350,SURABAYA,GL4-DC-REJECT,GL4-DC-REJECT,1102059842,JOGOSALA CRUSHER V2 - CLOUD BLUE/CAMO,42,HANYA SEBELAH KANAN,HANYA ADA KANAN AJA,2026-04-28T13:34:48.783185+00:00,Pending
573,SEMARANG,REJECT,REJECT,1104015740,11040157 HYPERBLAST ENCORE - PISTACHIO/CAMO,40,HANYA SEBELAH KANAN,HANYA SEBELAH KANAN,2026-05-01T20:44:59.96874+00:00,Pending
560,SURABAYA,TOKO,REJECT DC,930780240,9307802 SPYRO FG - MARINA BLUE/LT BLUE/RED,40,HANYA SEBELAH KANAN,HANYA SEBELAH KANAN SAJA,2026-04-28T17:59:37+00:00,DONE
339,SURABAYA,GL4-DC-REJECT,GL4-DC-REJECT,SPE1010220390,CARNAGE FG - ICE FLOW/GEORGIA PEACH/CORSAIR,39,HANYA SEBELAH KANAN,HANYA ADA KANAN SAJA,2026-04-28T13:34:48.783185+00:00,DONE
321,SURABAYA,GL4-DC-REJECT,GL4-DC-REJECT,SPE1020214390,CARNAGE IN - ICE FLOW/GEORGIA PEACH/CORSAIR,39,HANYA SEBELAH KIRI,HANYA ADA KIRI SAJA,2026-04-28T13:34:48.783185+00:00,DONE
671,SURABAYA,GL4-DC-REJECT,GL4-DC-REJECT,1103007741,PHYTON - ALL BLACK,41,HANYA SEBELAH KIRI,HANYA ADA KIRI SAJA,2026-05-29T15:02:26.451103+00:00,Pending
672,SURABAYA,GL4-DC-REJECT,GL4-DC-REJECT,940370341,GLADION IN - PURPLE/VIOLET/CYAN,41,HANYA SEBELAH KANAN,HANYA ADA KANAN SAJA,2026-05-29T15:02:26.451103+00:00,Pending
673,SURABAYA,GL4-DC-REJECT,GL4-DC-REJECT,1102051440,RAVEN V2 IN - AIRFORCE BLUE/GOLD,40,HANYA SEBELAH KANAN,HANYA ADA KANAN SAJA,2026-05-29T15:02:26.451103+00:00,Pending
674,SURABAYA,STAGGING INBOUND,GL4-DC-DEFECT,910200841,TREXIMO ENERLITE - WHITE/LT.GREY,41,D1,KOTOR PADA BAGIAN UPPER,2026-05-29T15:02:26.451103+00:00,Pending
675,SURABAYA,STAGGING GAGAL QC,GL4-DC-DEFECT,910310541,ENERMAX NANOKIT - GREEN/BLACK/WHITE,41,D2,KOTOR PADA UPPER DAN WARNA MEMUDAR,2026-05-29T15:02:26.451103+00:00,Pending
676,SURABAYA,GUDANG LT.2,GL4-DC-REJECT,AJONM09NS,SOFT FLASK 250ML,NS,R1,retur dari customer infonya airnya gabisa keluar dari soft flasknya,2026-05-29T15:02:26.451103+00:00,Pending
677,SURABAYA,STAGGING INBOUND,GL4-DC-DEFECT,SPE1020214390,CARNAGE IN - ICE FLOW/GEORGIA PEACH/CORSAIR,39,D2,YELLOWING PADA OUTSOLE SEBELAH KANAN,2026-05-29T15:02:26.451103+00:00,Pending
678,SURABAYA,TOKO,GL4-DC-REJECT,GW413842S,GW4138 GALAXY 6M - ALL BLACK,42S,HANYA SEBELAH KIRI,HANYA ADA KIRI SAJA,2026-05-29T15:02:26.451103+00:00,Pending
679,SURABAYA,GL4-DC-LIVE,REJECT DC,910560242,ENERSTRIKE HYPER - SOFT BLUE/WHITE,42,R1,KANAN KENA RAYAP,2026-05-29T16:52:08+00:00,Pending
