id,created_at,supplier,ekspedisi,total_koli,total_ongkir
339,2026-01-08T12:49:00+00:00,KNR,BARAKA EXPRESS,1,175000
42,2026-02-16T18:55:00+00:00,EXC,BARAKA EXPRESS,1,110000
43,2026-02-17T15:16:00+00:00,DUMBELL,PERSONAL,2,25000
44,2026-02-21T13:55:00+00:00,EXCEED,BARAKA EXPRESS,1,53000
45,2026-02-23T14:41:00+00:00,SM SPORT,BARAKA EXPRESS,1,47000
46,2026-02-25T20:10:00+00:00,JERC,BARAKA EXPRESS,1,89000
47,2026-02-27T12:10:00+00:00,RZQ,JNT CARGO,1,50000
48,2026-02-27T20:13:00+00:00,EXC,BARAKA EXPRESS,1,183000
49,2026-02-28T17:47:00+00:00,ONE MORE,BARAKA EXPRESS,1,30000
50,2026-03-12T12:20:00+00:00,KNR,BARAKA EXPRESS,1,426000
51,2026-03-12T12:20:00+00:00,JERC,BARAKA EXPRESS,1,426000
52,2026-03-12T12:20:00+00:00,DENS SPORT,BARAKA EXPRESS,1,426000
53,2026-03-14T20:48:00+00:00,JERC,BARAKA EXPRESS,1,63000
54,2026-03-14T20:49:00+00:00,ANDI SPORT,BARAKA EXPRESS,1,125000
55,2026-03-29T10:13:00+00:00,NARROW,JNE,1,78000
56,2026-04-01T19:39:00+00:00,KNR,BARAKA EXPRESS,1,58000
57,2026-04-01T19:41:00+00:00,EXC,BARAKA EXPRESS,1,63000
58,2026-04-01T19:43:00+00:00,UNO SPORT,BARAKA EXPRESS,1,162000
59,2026-04-11T15:00:00+00:00,EXCEED,BARAKA EXPRESS,1,79000
60,2026-04-11T13:00:00+00:00,EXCEED,BARAKA EXPRESS,4,341000
61,2026-04-13T18:49:00+00:00,JERC,BARAKA EXPRESS,1,30000
62,2026-04-15T14:02:00+00:00,EXCEED,BARAKA EXPRESS,1,141000
63,2026-04-18T19:17:00+00:00,KNR,BARAKA EXPRESS,1,120000
64,2026-04-18T19:19:00+00:00,ANDI SPORT,BARAKA EXPRESS,1,42000
65,2026-04-18T19:20:00+00:00,WEMBLEY,BARAKA EXPRESS,1,79000
66,2026-04-18T19:30:00+00:00,UNO SPORT,BARAKA EXPRESS,1,393000
67,2026-04-18T19:30:00+00:00,EXC,BARAKA EXPRESS,1,393000
68,2026-04-19T14:27:00+00:00,KINESIO,BARAKA EXPRESS,1,59000
69,2026-04-19T14:27:00+00:00,SM SPORT,BARAKA EXPRESS,1,33000
70,2026-04-24T15:05:00+00:00,EXC,BARAKA EXPRESS,1,68000
71,2026-04-24T15:05:00+00:00,DENS SPORT,BARAKA EXPRESS,1,79000
72,2026-04-24T15:06:00+00:00,X COLLABS SPORTWEAR,BARAKA EXPRESS,1,40000
73,2026-04-24T15:07:00+00:00,SAVIOR,BARAKA EXPRESS,2,180000
74,2026-04-24T15:08:00+00:00,ANDI SPORT,BARAKA EXPRESS,1,39000
75,2026-04-24T15:08:00+00:00,NERO,BARAKA EXPRESS,1,68000
76,2026-04-24T16:37:00+00:00,GHANIOR,JNT CARGO,1,96000
77,2026-04-25T16:15:00+00:00,EXCEED,BARAKA EXPRESS,1,80000
78,2026-04-25T16:15:00+00:00,GOOD SELLER,BARAKA EXPRESS,1,80000
79,2026-04-25T14:23:00+00:00,HIQUA,JNT CARGO,1,26000
80,2026-04-26T15:08:00+00:00,KINESIO,BARAKA EXPRESS,1,189000
81,2026-04-26T15:10:00+00:00,EXC,BARAKA EXPRESS,1,189000
82,2026-03-30T11:26:37+00:00,RTO SEMARANG,ACCESS,68,2720000
83,2026-04-09T11:29:10+00:00,RTO SEMARANG,ACCESS,28,1120000
84,2026-03-02T11:34:42+00:00,RTO SEMARANG,ELITE EXPRESS,40,1682304
85,2026-03-17T11:39:35+00:00,RTO SEMARANG,ACCESS,30,1360000
86,2026-02-16T03:24:28+00:00,RTO  SURABAYA,UNKNOWN (FINANCE),5,75000
87,2026-02-23T03:28:40+00:00,SM SPORT,BARAKA EXPRESS,2,47000
88,2026-02-25T03:29:21+00:00,JERC,BARAK EXPRESS,2,89000
89,2026-03-05T03:31:23+00:00,RTO SURABAYA,UNKNOWN (FINANCE),8,143158
90,2026-03-05T03:31:59+00:00,DENS SPORT,BST,2,36000
91,2026-03-06T03:33:09+00:00,GHANIOR,BARAKA EXPRESS,2,86000
92,2026-03-07T03:33:55+00:00,RTO SEMARANG,ACCESS,40,375000
93,2026-03-08T03:34:42+00:00,RETUR SUPPLIER,UNKNOWN (FINANCE),7,161000
94,2026-03-11T03:35:36+00:00,KINESIO,BST,2,101000
95,2026-03-11T03:36:13+00:00,LIZ SPORT,BST,2,79000
97,2026-03-12T03:37:33+00:00,EXC,BST,3,219000
98,2026-03-12T03:38:14+00:00,DENS SPORT,BST,4,149000
99,2026-03-12T03:38:48+00:00,KNR,BST,2,58000
100,2026-03-16T03:40:30+00:00,RTR SEMARANG,ACCESS,9,175000
101,2026-04-01T03:41:49+00:00,UNO SPORT,BST,4,162000
102,2026-04-01T03:43:45+00:00,EXC,BARAKA EXPRESS,2,63000
103,2026-04-01T03:44:27+00:00,KNR,BARAKA EXPRESS,1,58000
104,2026-04-02T03:45:53+00:00,BARAKA EXPRESS,EXCEED,1,68000
105,2026-04-03T03:46:42+00:00,RETUR ORTUS,PAXEL,1,32000
106,2026-04-04T03:48:23+00:00,DENS SPORT,BARAKA EXPRESS,2,84000
107,2026-04-04T03:52:03+00:00,JERC,BARAKA EXPRESS,3,151000
108,2026-04-06T03:52:47+00:00,KNR,BARAKA EXPRESS,1,47000
109,2026-04-08T03:53:27+00:00,MANSPORT,BARAKA EXPRESS,1,49000
110,2026-04-29T03:55:44+00:00,RTO SEMARANG,ACCESS,15,425000
111,2026-04-09T03:56:33+00:00,EXCEED,BARAKA EXPRESS,4,110000
112,2026-04-11T03:57:05+00:00,EXCEED,BARAKA EXPRESS,2,79000
113,2026-04-12T03:59:01+00:00,BARANG DATANG,UNKNOWN (FINANCE),5,341000
114,2026-04-13T03:59:56+00:00,JERC,BARAKA EXPRESS,1,30000
115,2026-04-14T04:01:15+00:00,RTO MALANG,ACCESS,8,275000
116,2026-04-15T04:01:54+00:00,EXC,BARAKA EXPRESS,3,99000
117,2026-04-15T04:02:33+00:00,EXCEED,BARAKA EXPRESS,1,42000
118,2026-04-16T04:03:07+00:00,KNR,BARAKA EXPRESS,1,58000
119,2026-03-11T04:06:09+00:00,RTO/RTR SDA,LALA MOVE,8,279000
120,2026-04-29T06:51:23+00:00,SM SPORT,BARAKA EXPRESS,1,84000
121,2026-05-02T07:29:00+00:00,KNR,BARAKA EXPRESS,1,79000
122,2026-05-03T07:21:59+00:00,RTO SDA,LALA MOVE,5,123500
123,2026-05-04T14:23:45+00:00,DUMBELL,BY SUPPLIER,2,25000
125,2026-05-06T07:05:06+00:00,UNO SPORT,BARAKA EXPRESS,1,58000
129,2026-05-10T05:54:47+00:00,EXC,BARAKA EXPRESS,1,39000
130,2026-05-10T05:55:19+00:00,EXCEED,BARAKA EXPRESS,1,39000
131,2026-05-08T05:56:17+00:00,JERC,BARAKA EXPRESS,1,131000
132,2026-05-08T05:56:56+00:00,KNR,BARAKA EXPRESS,1,89000
133,2026-05-11T07:52:29+00:00,LIZ SPORT,BARAKA EXPRESS,1,63000
134,2026-05-13T07:50:51+00:00,EXCEED,BARAKA EXPRESS,1,39000
135,2026-05-13T07:53:52+00:00,DENS SPORT,BARAKA EXPRESS,1,89000
136,2026-05-13T07:54:25+00:00,WEMBLEY,BARAKA EXPRESS,1,47000
137,2026-05-13T07:54:50+00:00,ODDYSEY,BARAKA EXPRESS,1,58000
138,2026-05-15T06:58:28+00:00,WEMBLEY,BARAKA EXPRESS,1,42000
139,2026-05-15T06:59:10+00:00,NERO,BARAKA EXPRESS,1,110000
140,2026-05-15T06:59:35+00:00,KNR,BARAKA EXPRESS,1,120000
141,2026-05-17T06:22:12+00:00,EXC,BARAKA EXPRESS,1,50000
142,2026-05-17T06:22:39+00:00,UNO SPORT,BARAKA EXPRESS,1,151000
143,2026-05-18T10:32:09+00:00,AND SPORT,BARAKA EXPRESS,1,39000
144,2026-05-18T10:32:35+00:00,DENS SPORT,BARAKA EXPRESS,1,39000
145,2026-05-18T10:33:01+00:00,LIZ SPORT,BARAKA EXPRESS,1,198000
340,2026-01-08T17:53:00+00:00,ODYSEY,BARAKA EXPRESS,1,36000
147,2026-05-21T08:31:38+00:00,KNR,BARAKA EXPRESS,1,110000
148,2026-05-21T08:32:07+00:00,DENS SPORT,BARAKA EXPRESS,1,68000
149,2026-05-21T08:33:24+00:00,SAVIOR,WAHANA EXPRESS,1,14000
150,2026-05-22T08:33:57+00:00,SM SPORT,BARAKA EXPRESS,1,36000
151,2026-05-23T06:56:11+00:00,LIZ SPORT,BARAKA EXPRESS,1,136000
152,2026-05-25T10:18:43+00:00,SM SPORT,BARAKA EXPRESS,1,99000
153,2026-05-25T10:19:12+00:00,KINESIO,BARAKA EXPRESS,1,119000
154,2026-05-25T10:19:48+00:00,DENS SPORT,BARAKA EXPRESS,1,73000
155,2026-05-27T09:19:24+00:00,UNKNOWN,DUMBELL,1,15000
156,2026-05-28T09:26:24+00:00,ODDYSEY,BARAKA EXPRESS,1,33000
157,2026-05-28T09:26:53+00:00,UNO SPORT,BARAKA EXPRESS,1,193000
159,2026-05-31T14:16:08+00:00,SGS,BARAKA ECPRESS,1,24000
160,2026-05-31T14:16:30+00:00,KNR,BARAKA EXPRESS,1,99000
161,2026-06-01T14:20:30+00:00,JERC,BARAKA EXPRESS,1,99000
162,2026-06-01T14:20:54+00:00,LIZ SPORT,BARAKA EXPRESS,1,36000
163,2026-06-01T14:21:16+00:00,KNR,BARAKA EXPRESS,1,39000
164,2026-06-01T14:21:44+00:00,NERO,BARAKA EXPRESS,1,131000
165,2026-06-01T14:22:10+00:00,SM SPORT,BARAKA EXPRESS,1,28000
166,2026-06-01T14:22:35+00:00,DENS SPORT,BARAKA EXPRESS,1,53000
167,2026-06-03T04:37:29+00:00,MIKASA,J&T CARGO,1,32000
168,2026-06-04T07:44:32+00:00,KNR,BARAKA EXPRESS,1,39000
169,2026-06-04T07:44:56+00:00,UZ SPORT,BARAKA EXPRESS,1,115000
170,2026-06-04T07:45:19+00:00,UNO SPORT,BARAKA EXPRESS,1,84000
171,2026-06-08T07:44:58+00:00,DENS SPORT,BARAKA EXPRESS,1,146000
172,2026-06-11T07:45:28+00:00,KNR,BARAKA EXPRESS,1,58000
173,2026-06-11T07:45:53+00:00,NERO,BARAKA EXPRESS,1,79000
174,2026-06-11T07:47:01+00:00,PUSAT GROSIR SURABAYA,J&T,1,4000
175,2026-05-29T07:53:52+00:00,RTO SEMARANG,ACCESS,1,40000
176,2026-05-20T07:54:29+00:00,RETUR MILLS (RTO),ACCESS,2,100000
177,2026-04-05T07:55:13+00:00,RTO SEMARANG,ADEX,47,1775000
179,2026-05-08T07:58:34+00:00,RTO HUB JAKARTA,ADEX,20,1456000
180,2026-05-16T07:59:55+00:00,RTO SEMARANG,ADEX,41,1255000
181,2026-06-28T08:00:49+00:00,RTO SEMARANG,ADEX,14,463000
182,2026-05-28T08:02:48+00:00,RTO HUB JAKARTA,ADEX,5,342000
183,2026-05-28T08:03:59+00:00,RTO MALANG,ADEX,6,156000
184,2026-06-11T08:34:14+00:00,UNO,BARAKA EXPRESS,1,50000
185,2026-06-11T08:34:36+00:00,LIZ SPORT,BARAKA EXPRESS,1,99000
186,2026-06-11T08:35:02+00:00,EXCEED,BARAKA EXPRESS,1,28000
187,2026-06-11T08:35:27+00:00,JERC,BARAKA EXPRESS,1,36000
188,2026-06-12T13:24:57+00:00,UNO SPORT,BARAKA EXPRESS,1,30000
189,2026-06-12T13:25:45+00:00,APMA DAPMA SENTOSA,BARAKA SENTOSA,1,35000
190,2026-06-13T13:26:14+00:00,JERC,BARAKA EXPRESS,1,39000
191,2026-06-13T13:26:37+00:00,UNO SPORT,BARAKA EXPRESS,1,30000
192,2026-06-14T06:24:35+00:00,NERO,BARAKA EXPRESS,1,30000
198,2026-06-17T06:28:53+00:00,EXCEED,BARAKA EXPRESS,1,39000
200,2026-06-19T06:30:15+00:00,LIZ SPORT,BARAKA EXPRESS,1,36000
201,2026-06-19T06:30:55+00:00,NERO,BARAKA EXPRESS,1,36000
202,2026-06-19T06:31:23+00:00,EXC,BARAKA EXPRESS,1,42000
203,2026-06-20T06:32:15+00:00,EXCEED,BARAKA EXPRESS,1,81000
204,2026-06-21T06:33:21+00:00,LIZ SPORT,BARAKA EXPRESS,1,47000
205,2026-06-23T06:34:36+00:00,WEMBLEY,BARAKA EXPRESS,1,84000
206,2026-06-23T06:35:08+00:00,ODYSEY,BARAKA EXPRESS,1,42000
207,2026-06-23T06:35:52+00:00,JERC,BARAKA EXPRESS,1,58000
208,2026-06-24T06:36:39+00:00,SM SPORT,BARAKA EXPRESS,1,42000
209,2026-06-24T06:37:07+00:00,EXC,BARAKA EXPRESS,1,36000
210,2026-06-24T06:37:34+00:00,EXCEED,BARAKA EXPRESS,1,42000
211,2026-06-24T06:37:59+00:00,DENS SPORT,BARAKA EXPRESS,1,63000
212,2026-06-24T06:38:33+00:00,LIZ SPORT,BARAKA EXPRESS,1,58000
213,2026-06-24T06:39:05+00:00,NERO KODE 3,BARAKA EXPRESS,1,79000
214,2026-06-24T06:39:33+00:00,UNO SPORT,BARAKA EXPRESS,1,30000
215,2026-06-25T06:40:24+00:00,UNO SPORT,BARAKA EXPRESS,2,339000
216,2026-06-27T06:41:18+00:00,EXCEED,BARAKA EXPRESS,1,47000
217,2026-06-29T06:42:15+00:00,GHANIOR,J&T,1,126000
218,2026-06-29T06:42:41+00:00,KINESIO,BARAKA EXPRESS,1,41000
235,2026-06-17T03:12:26+00:00,RTO MALANG,ADEX,7,220000
236,2026-07-17T03:14:33+00:00,RTO JAKARTA,ADEX,11,756000
237,2026-06-20T03:15:11+00:00,RTO JAKARTA,ADEX,14,866000
238,2026-06-04T03:16:19+00:00,RTO SEMARANG,ADEX,5,170000
239,2026-06-17T03:16:58+00:00,RTO SEMARANG,ADEX,42,1458000
240,2026-07-01T03:17:58+00:00,RTO SEMARANG,ADEX,11,394000
243,2026-09-07T12:26:50+00:00,(TA) JERC,BARAKAH,1,33000
244,2026-09-07T18:49:24+00:00,(TA) DENS SPORT,BARAKAH,1,58000
245,2026-09-07T18:50:49+00:00,(TA) NERO,BARAKAH,1,167000
246,2026-10-07T13:02:31+00:00,(TA) YOGA SPORT,BARAKAH,1,36000
247,2026-12-07T12:13:19+00:00,(TA) NERO,BARAKA EXPRESS,1,105000
248,2026-12-07T12:13:20+00:00,(TA) NERO,BARAKA EXPRESS,1,105000
249,2026-12-07T12:14:27+00:00,(TA) UNO,BARAKA EXPRESS,1,47000
250,2026-12-07T12:38:52+00:00,(TA) DENS SPORT,BARAKA EXPRESS,1,84000
263,2026-07-09T12:26:50+00:00,(TA) JERC,BARAKAH,1,33000
264,2026-07-09T18:49:24+00:00,(TA) DENS SPORT,BARAKAH,1,58000
265,2026-07-09T18:50:49+00:00,(TA) NERO,BARAKAH,1,167000
266,2026-07-10T13:02:31+00:00,(TA) YOGA SPORT,BARAKAH,1,36000
268,2026-07-12T12:13:20+00:00,(TA) NERO,BARAKA EXPRESS,1,105000
269,2026-07-12T12:14:27+00:00,(TA) UNO,BARAKA EXPRESS,1,47000
270,2026-07-12T12:38:52+00:00,(TA) DENS SPORT,BARAKA EXPRESS,1,84000
271,2026-07-14T10:03:43+00:00,KINESIOJAKARTA,BARAKA EXPRESS,1,40000
272,2026-07-15T14:56:44+00:00,(TA) YOGA SPORT,BARAKA EXPRESS,1,36000
273,2026-07-15T14:57:34+00:00,(TA) FULLMAN,BARAKA EXPRESS,2,202000
274,2026-07-17T19:44:25+00:00,(TA) JERC,BARAKA EXPRESS,1,73000
275,2026-07-17T21:03:33+00:00,(TA) EXC,BARAKA EXPRESS,1,162000
276,2026-07-17T21:04:35+00:00,(TA) EXCEED,BARAKA EXPRESS,1,63000
277,2026-07-04T13:38:00+00:00,EXCEED,BARAKA EXPRESS,1,63000
278,2026-07-04T13:38:00+00:00,LIZ SPORT,BARAKA EXPRESS,1,39000
279,2026-07-05T15:53:00+00:00,KNR,BARAKA EXPRESS,1,47000
280,2026-07-03T14:22:00+00:00,KINESIOJAKARTA,BARAKA EXPRESS,1,43000
281,2026-07-01T12:47:00+00:00,SAVIOR,BARAKA EXPRESS,1,27000
282,2026-07-02T12:00:00+00:00,KNR,BARAKA EXPRESS,1,18000
283,2026-07-17T14:08:39+00:00,EXCEED,BARAKA EXPRESS,1,162000
284,2026-07-19T15:14:00+00:00,(TA) EXCEED,BARAKA EXPRESS,1,36000
285,2026-07-20T15:14:00+00:00,(TA) EXC,BARAKA EXPRESS,1,89000
286,2026-07-20T15:14:00+00:00,(TA) YOGA SPORT,BARAKA EXPRESS,1,68000
287,2026-07-22T15:14:00+00:00,(TA) WEMBLEY,BARAKA EXPRESS,1,245000
288,2026-07-22T15:14:00+00:00,(TA) EXCEED,BARAKA EXPRESS,1,84000
289,2026-07-22T15:14:00+00:00,(TA) EXC,BARAKA EXPRESS,1,219000
290,2026-07-23T15:14:00+00:00,(TA) NERO,BARAKA EXPRESS,1,245000
291,2026-07-23T15:14:00+00:00,(TA) KICKNRUSH,BARAKA EXPRESS,1,110000
292,2026-07-23T15:14:00+00:00,(TA) SM SPORT,BARAKA EXPRESS,1,36000
293,2026-07-23T15:14:00+00:00,(TA) UNO,BARAKA EXPRESS,1,33000
294,2026-07-24T07:41:09+00:00,JERC,BARAKA EXPRESS,1,30000
295,2026-07-27T19:41:56+00:00,(TA) KICKNRUSH,BARAKA EXPRESS,1,110000
296,2026-07-28T11:53:31+00:00,PT.HIQUA WIJAYA SPORTINDO,JNT CARGO,1,37000
297,2026-07-29T10:54:34+00:00,JAKARTA NOTEBOOK,SENTRAL CARGO,2,73000
298,2026-07-29T03:36:15+00:00,JERC,BARAKA EXPRESS,1,63000
299,2026-07-29T03:36:54+00:00,DENS SPORT,BARAKA EXPRESS,1,120000
300,2026-07-29T03:37:22+00:00,UNO SPORT,BARAKA EXPRESS,1,39000
301,2026-07-29T03:37:49+00:00,YOGA SPORT,BARAKA EXPRESS,1,76000
302,2026-07-31T10:04:19+00:00,FULLMAN,BARAKA EXPRESS,1,136000
303,2026-07-31T10:04:51+00:00,NERO,BARAKA EXPRESS,1,63000
304,2026-07-31T10:05:34+00:00,910,KAI LOG,1,150000
341,2026-01-08T17:53:00+00:00,EXCEED,BARAKA EXPRESS,1,110000
342,2026-02-08T21:21:00+00:00,UNO SPORT,BARAKA EXPRESS,1,39000
343,2026-02-08T21:23:00+00:00,WEMBLEY,BARAKA EXPRESS,1,136000
344,2026-05-08T18:14:00+00:00,SM SPORT,BARAKA EXPRESS,1,30000
345,2026-07-08T11:26:00+00:00,SM SPORT,BARAKA EXPRESS,1,58000
310,2026-07-27T06:54:46+00:00,KNR,BARAKA EXPRESS,1,110000
346,2026-07-08T11:27:00+00:00,FULLMAN,BARAKA EXPRESS,1,110000
347,2026-07-08T19:38:00+00:00,JERC,BARAKA EXPRESS,1,33000
348,2026-09-08T17:21:00+00:00,UNO SPORT,BARAKA EXPRESS,1,42000
349,2026-10-08T20:20:00+00:00,FULLMAN,JNE,1,99000
315,2026-07-06T03:04:01+00:00,RTO SEMARANG,ADILA EXPRESS,7,236000
316,2026-07-13T03:04:43+00:00,RTO SEMARANG,ADILA EXPRESS,52,1592000
317,2026-07-27T03:05:31+00:00,RTO SEMARANG,ADILA EXPRESS,22,706000
318,2026-07-08T03:06:23+00:00,RTO MALANG,ADILA EXPRESS,8,265000
319,2026-07-08T03:07:08+00:00,RTO HUB JAKARTA,AD,10,616000
320,2026-07-29T03:07:47+00:00,RTO HUB JAKARTA,ADILA EXPRESS,14,758000
321,2026-01-08T12:49:00+00:00,KNR,BARAKA EXPRESS,1,175000
322,2026-01-08T17:53:00+00:00,ODYSEY,BARAKA EXPRESS,1,36000
323,2026-01-08T17:53:00+00:00,EXCEED,BARAKA EXPRESS,1,110000
324,2026-02-08T21:21:00+00:00,UNO SPORT,BARAKA EXPRESS,1,39000
325,2026-02-08T21:23:00+00:00,WEMBLEY,BARAKA EXPRESS,1,136000
326,2026-05-08T18:14:00+00:00,SM SPORT,BARAKA EXPRESS,1,30000
327,2026-07-08T11:26:00+00:00,SM SPORT,BARAKA EXPRESS,1,58000
328,2026-07-08T11:27:00+00:00,FULLMAN,BARAKA EXPRESS,1,110000
329,2026-07-08T19:38:00+00:00,JERC,BARAKA EXPRESS,1,33000
330,2026-09-08T17:21:00+00:00,UNO SPORT,BARAKA EXPRESS,1,42000
331,2026-10-08T20:20:00+00:00,FULLMAN,JNE,1,99000
332,2026-12-08T12:50:00+00:00,PATROBAS,CV. BINTANG TIMUR,7,245000
333,2026-12-08T15:49:00+00:00,JAKARTA NOTEBOOK,SENTRAL CARGO,6,234800
350,2026-12-08T12:50:00+00:00,PATROBAS,CV. BINTANG TIMUR,7,245000
351,2026-12-08T15:49:00+00:00,JAKARTA NOTEBOOK,SENTRAL CARGO,6,234800
357,2026-01-08T12:49:00+00:00,KNR,BARAKA EXPRESS,1,175000
358,2026-01-08T17:53:00+00:00,ODYSEY,BARAKA EXPRESS,1,36000
359,2026-01-08T17:53:00+00:00,EXCEED,BARAKA EXPRESS,1,110000
360,2026-02-08T21:21:00+00:00,UNO SPORT,BARAKA EXPRESS,1,39000
361,2026-02-08T21:23:00+00:00,WEMBLEY,BARAKA EXPRESS,1,136000
362,2026-05-08T18:14:00+00:00,SM SPORT,BARAKA EXPRESS,1,30000
363,2026-07-08T11:26:00+00:00,SM SPORT,BARAKA EXPRESS,1,58000
364,2026-07-08T11:27:00+00:00,FULLMAN,BARAKA EXPRESS,1,110000
365,2026-07-08T19:38:00+00:00,JERC,BARAKA EXPRESS,1,33000
366,2026-09-08T17:21:00+00:00,UNO SPORT,BARAKA EXPRESS,1,42000
367,2026-10-08T20:20:00+00:00,FULLMAN,JNE,1,99000
368,2026-12-08T12:50:00+00:00,PATROBAS,CV. BINTANG TIMUR,7,245000
369,2026-12-08T15:49:00+00:00,JAKARTA NOTEBOOK,SENTRAL CARGO,6,234800
375,2026-01-08T12:49:00+00:00,KNR,BARAKA EXPRESS,1,175000
376,2026-01-08T17:53:00+00:00,ODYSEY,BARAKA EXPRESS,1,36000
377,2026-01-08T17:53:00+00:00,EXCEED,BARAKA EXPRESS,1,110000
378,2026-02-08T21:21:00+00:00,UNO SPORT,BARAKA EXPRESS,1,39000
379,2026-02-08T21:23:00+00:00,WEMBLEY,BARAKA EXPRESS,1,136000
380,2026-05-08T18:14:00+00:00,SM SPORT,BARAKA EXPRESS,1,30000
381,2026-07-08T11:26:00+00:00,SM SPORT,BARAKA EXPRESS,1,58000
382,2026-07-08T11:27:00+00:00,FULLMAN,BARAKA EXPRESS,1,110000
383,2026-07-08T19:38:00+00:00,JERC,BARAKA EXPRESS,1,33000
384,2026-09-08T17:21:00+00:00,UNO SPORT,BARAKA EXPRESS,1,42000
385,2026-10-08T20:20:00+00:00,FULLMAN,JNE,1,99000
386,2026-12-08T12:50:00+00:00,PATROBAS,CV. BINTANG TIMUR,7,245000
387,2026-12-08T15:49:00+00:00,JAKARTA NOTEBOOK,SENTRAL CARGO,6,234800
393,2026-08-01T12:49:00+00:00,KNR,BARAKA EXPRESS,1,175000
394,2026-08-01T17:53:00+00:00,ODYSEY,BARAKA EXPRESS,1,36000
395,2026-08-01T17:53:00+00:00,EXCEED,BARAKA EXPRESS,1,110000
396,2026-08-02T21:21:00+00:00,UNO SPORT,BARAKA EXPRESS,1,39000
397,2026-08-02T21:23:00+00:00,WEMBLEY,BARAKA EXPRESS,1,136000
398,2026-08-05T18:14:00+00:00,SM SPORT,BARAKA EXPRESS,1,30000
399,2026-08-07T11:26:00+00:00,SM SPORT,BARAKA EXPRESS,1,58000
400,2026-08-07T11:27:00+00:00,FULLMAN,BARAKA EXPRESS,1,110000
401,2026-08-07T19:38:00+00:00,JERC,BARAKA EXPRESS,1,33000
402,2026-08-09T17:21:00+00:00,UNO SPORT,BARAKA EXPRESS,1,42000
403,2026-08-10T20:20:00+00:00,FULLMAN,JNE,1,99000
404,2026-08-12T12:50:00+00:00,PATROBAS,CV. BINTANG TIMUR,7,245000
405,2026-08-12T15:49:00+00:00,JAKARTA NOTEBOOK,SENTRAL CARGO,6,234800
406,2026-08-13T16:48:00+00:00,KNR,BARAKA EXPRESS,1,53000
407,2026-08-13T16:48:00+00:00,NERO,BARAKA EXPRESS,1,193000
408,2026-08-13T19:21:00+00:00,KINESIO,BARAKA EXPRESS,1,37000
409,2026-08-13T19:21:00+00:00,EXC,BARAKA EXPRESS,1,136000
410,2026-08-13T19:21:00+00:00,ONE MORE GEAR,BARAKA EXPRESS,1,40000
411,2026-08-15T19:19:15+00:00,(TA) EXC,BARAKA EXPRESS,1,79000
412,2026-08-15T19:20:31+00:00,(TA) KICKNRUSH,BARAKA EXPRESS,1,120000
413,2026-08-16T19:26:06+00:00,(TA) JERC,BARAKA EXPRESS,1,188000
414,2026-08-17T18:07:44+00:00,(TA) YOGA SPORT,BARAKA EXPRESS,1,73000
415,2026-08-17T18:08:29+00:00,(TA) NERO,BARAKA EXPRESS,1,45000
416,2026-08-20T20:59:11+00:00,(TA) DENS SPORT,ACCESS,1,79000
417,2026-08-23T12:36:49+00:00,(TA) UNO,BARAKA EXPRESS,1,28000
418,2026-08-23T12:37:38+00:00,(TA) EXC,BARAKA EXPRESS,1,110000
419,2026-08-23T12:38:35+00:00,(TA) DENS SPORT,BARAKA EXPRESS,1,99000
420,2026-08-23T12:39:22+00:00,(TA) JERC,BARAKA EXPRESS,1,63000
421,2026-08-23T20:09:01+00:00,(TA) EXCEED,BARAKA EXPRESS,1,36000
422,2026-08-24T20:35:20+00:00,JUSTIN - ASTRO SPORT (TA),BARAKA EXPRESS,1,36000
423,2026-08-26T12:57:06+00:00,(TA) KICKNRUSH,BARAKA EXPRESS,1,131000
424,2026-08-27T16:09:06+00:00,VOLT GOALKEEPER GLOVE,JNT CARGO,2,220000
425,2026-08-28T19:42:10+00:00,(TA) JERC,BARAKA EXPRESS,1,68000
427,2026-08-28T19:43:25+00:00,(TA) NERO,BARAKA EXPRESS,1,105000
428,2026-08-28T19:44:19+00:00,(TA) YOGA SPORT,BARAKA EXPRESS,1,92000
429,2026-08-28T19:45:22+00:00,KINESIOJAKARTA,BARAKA EXPRESS,1,47000
